INSERT INTO store_settings (id, store_name) VALUES ('PROFESSIONAL_VAPE', 'Professional Vape');
INSERT INTO store_settings (id, store_name) VALUES ('PUFF_STORE', 'Puff Store');

INSERT INTO users (username, password, store_id) VALUES ('admin_prof', '$2b$10$PaBJEcYVA6/DcNoSEc7GKO/Fq0SXPEOi7A3CUizMBCdurImbd3L7a', 'PROFESSIONAL_VAPE');
INSERT INTO users (username, password, store_id) VALUES ('admin_puff', '$2b$10$PaBJEcYVA6/DcNoSEc7GKO/Fq0SXPEOi7A3CUizMBCdurImbd3L7a', 'PUFF_STORE');

INSERT INTO product (store_id, barcode, name, milliliters, category, sub_category, purchase_price, retail_price, description, image_url) VALUES ('PROFESSIONAL_VAPE', '8051234500000', 'Marshmallow Svaponext Aroma Concentrato 10ml', 10, 'LIQUIDO', 'AROMA', 3.3, 5.5, 'Marshmallow Svaponext Aroma Concentrato 10ml', 'https://www.svapoebasta.com/92739-thickbox_default/marshmallow-10-ml.jpg');
INSERT INTO product (store_id, barcode, name, milliliters, category, sub_category, purchase_price, retail_price, description, image_url) VALUES ('PUFF_STORE', '8051234500000', 'Marshmallow Svaponext Aroma Concentrato 10ml', 10, 'LIQUIDO', 'AROMA', 3.3, 5.5, 'Marshmallow Svaponext Aroma Concentrato 10ml', 'https://www.svapoebasta.com/92739-thickbox_default/marshmallow-10-ml.jpg');
INSERT INTO product (store_id, barcode, name, milliliters, category, sub_category, purchase_price, retail_price, description, image_url) VALUES ('PROFESSIONAL_VAPE', '8051234500001', 'Trinidad Avana Twenty Mix TNT Vape Aroma Concentrato 10ml', 10, 'LIQUIDO', 'AROMA', 7.44, 12.4, 'Trinidad Avana Twenty Mix TNT Vape Aroma Concentrato 10ml', 'https://www.svapoebasta.com/92063-thickbox_default/trinidad-havana-twenty-mix-distillati-10-ml.jpg');
INSERT INTO product (store_id, barcode, name, milliliters, category, sub_category, purchase_price, retail_price, description, image_url) VALUES ('PUFF_STORE', '8051234500001', 'Trinidad Avana Twenty Mix TNT Vape Aroma Concentrato 10ml', 10, 'LIQUIDO', 'AROMA', 7.44, 12.4, 'Trinidad Avana Twenty Mix TNT Vape Aroma Concentrato 10ml', 'https://www.svapoebasta.com/92063-thickbox_default/trinidad-havana-twenty-mix-distillati-10-ml.jpg');
INSERT INTO product (store_id, barcode, name, milliliters, category, sub_category, purchase_price, retail_price, description, image_url) VALUES ('PROFESSIONAL_VAPE', '8051234500002', 'Dark Lake Twenty Mix TNT Vape Aroma Concentrato 10ml', 10, 'LIQUIDO', 'AROMA', 7.44, 12.4, 'Dark Lake Twenty Mix TNT Vape Aroma Concentrato 10ml', 'https://www.svapoebasta.com/92059-thickbox_default/dark-lake-twenty-mix-distillati-10-ml.jpg');
INSERT INTO product (store_id, barcode, name, milliliters, category, sub_category, purchase_price, retail_price, description, image_url) VALUES ('PUFF_STORE', '8051234500002', 'Dark Lake Twenty Mix TNT Vape Aroma Concentrato 10ml', 10, 'LIQUIDO', 'AROMA', 7.44, 12.4, 'Dark Lake Twenty Mix TNT Vape Aroma Concentrato 10ml', 'https://www.svapoebasta.com/92059-thickbox_default/dark-lake-twenty-mix-distillati-10-ml.jpg');
INSERT INTO product (store_id, barcode, name, milliliters, category, sub_category, purchase_price, retail_price, description, image_url) VALUES ('PROFESSIONAL_VAPE', '8051234500003', 'Death Valley Twenty Mix TNT Vape Aroma Concentrato 10ml', 10, 'LIQUIDO', 'AROMA', 7.44, 12.4, 'Death Valley Twenty Mix TNT Vape Aroma Concentrato 10ml', 'https://www.svapoebasta.com/92060-thickbox_default/death-valley-twenty-mix-distillati-10-ml.jpg');
INSERT INTO product (store_id, barcode, name, milliliters, category, sub_category, purchase_price, retail_price, description, image_url) VALUES ('PUFF_STORE', '8051234500003', 'Death Valley Twenty Mix TNT Vape Aroma Concentrato 10ml', 10, 'LIQUIDO', 'AROMA', 7.44, 12.4, 'Death Valley Twenty Mix TNT Vape Aroma Concentrato 10ml', 'https://www.svapoebasta.com/92060-thickbox_default/death-valley-twenty-mix-distillati-10-ml.jpg');
INSERT INTO product (store_id, barcode, name, milliliters, category, sub_category, purchase_price, retail_price, description, image_url) VALUES ('PROFESSIONAL_VAPE', '8051234500004', 'Kentucky Heritage Twenty Mix TNT Vape Aroma Concentrato 10ml', 10, 'LIQUIDO', 'AROMA', 7.44, 12.4, 'Kentucky Heritage Twenty Mix TNT Vape Aroma Concentrato 10ml', 'https://www.svapoebasta.com/92062-thickbox_default/kentucky-heritage-twenty-mix-distillati-10-ml.jpg');
INSERT INTO product (store_id, barcode, name, milliliters, category, sub_category, purchase_price, retail_price, description, image_url) VALUES ('PUFF_STORE', '8051234500004', 'Kentucky Heritage Twenty Mix TNT Vape Aroma Concentrato 10ml', 10, 'LIQUIDO', 'AROMA', 7.44, 12.4, 'Kentucky Heritage Twenty Mix TNT Vape Aroma Concentrato 10ml', 'https://www.svapoebasta.com/92062-thickbox_default/kentucky-heritage-twenty-mix-distillati-10-ml.jpg');
INSERT INTO product (store_id, barcode, name, milliliters, category, sub_category, purchase_price, retail_price, description, image_url) VALUES ('PROFESSIONAL_VAPE', '8051234500005', 'Virginia Highlands Twenty Mix TNT Vape Aroma Concentrato 10ml', 10, 'LIQUIDO', 'AROMA', 7.44, 12.4, 'Virginia Highlands Twenty Mix TNT Vape Aroma Concentrato 10ml', 'https://www.svapoebasta.com/92055-thickbox_default/virginia-highlands-twenty-mix-distillati-10-ml.jpg');
INSERT INTO product (store_id, barcode, name, milliliters, category, sub_category, purchase_price, retail_price, description, image_url) VALUES ('PUFF_STORE', '8051234500005', 'Virginia Highlands Twenty Mix TNT Vape Aroma Concentrato 10ml', 10, 'LIQUIDO', 'AROMA', 7.44, 12.4, 'Virginia Highlands Twenty Mix TNT Vape Aroma Concentrato 10ml', 'https://www.svapoebasta.com/92055-thickbox_default/virginia-highlands-twenty-mix-distillati-10-ml.jpg');
INSERT INTO product (store_id, barcode, name, milliliters, category, sub_category, purchase_price, retail_price, description, image_url) VALUES ('PROFESSIONAL_VAPE', '8051234500006', 'Arabian Virginia Twenty Mix TNT Vape Aroma Concentrato 10ml', 10, 'LIQUIDO', 'AROMA', 7.44, 12.4, 'Arabian Virginia Twenty Mix TNT Vape Aroma Concentrato 10ml', 'https://www.svapoebasta.com/92056-thickbox_default/arabian-virginia-twenty-mix-distillati-10-ml.jpg');
INSERT INTO product (store_id, barcode, name, milliliters, category, sub_category, purchase_price, retail_price, description, image_url) VALUES ('PUFF_STORE', '8051234500006', 'Arabian Virginia Twenty Mix TNT Vape Aroma Concentrato 10ml', 10, 'LIQUIDO', 'AROMA', 7.44, 12.4, 'Arabian Virginia Twenty Mix TNT Vape Aroma Concentrato 10ml', 'https://www.svapoebasta.com/92056-thickbox_default/arabian-virginia-twenty-mix-distillati-10-ml.jpg');
INSERT INTO product (store_id, barcode, name, milliliters, category, sub_category, purchase_price, retail_price, description, image_url) VALUES ('PROFESSIONAL_VAPE', '8051234500007', 'Balkan Sobranie Twenty Mix TNT Vape Aroma Concentrato 10ml', 10, 'LIQUIDO', 'AROMA', 7.44, 12.4, 'Balkan Sobranie Twenty Mix TNT Vape Aroma Concentrato 10ml', 'https://www.svapoebasta.com/92057-thickbox_default/balkan-sobranie-twenty-mix-distillati-10-ml.jpg');
INSERT INTO product (store_id, barcode, name, milliliters, category, sub_category, purchase_price, retail_price, description, image_url) VALUES ('PUFF_STORE', '8051234500007', 'Balkan Sobranie Twenty Mix TNT Vape Aroma Concentrato 10ml', 10, 'LIQUIDO', 'AROMA', 7.44, 12.4, 'Balkan Sobranie Twenty Mix TNT Vape Aroma Concentrato 10ml', 'https://www.svapoebasta.com/92057-thickbox_default/balkan-sobranie-twenty-mix-distillati-10-ml.jpg');
INSERT INTO product (store_id, barcode, name, milliliters, category, sub_category, purchase_price, retail_price, description, image_url) VALUES ('PROFESSIONAL_VAPE', '8051234500008', 'English Night Twenty Mix TNT Vape Aroma Concentrato 10ml', 10, 'LIQUIDO', 'AROMA', 7.44, 12.4, 'English Night Twenty Mix TNT Vape Aroma Concentrato 10ml', 'https://www.svapoebasta.com/92058-thickbox_default/english-night-twenty-mix-distillati-10-ml.jpg');
INSERT INTO product (store_id, barcode, name, milliliters, category, sub_category, purchase_price, retail_price, description, image_url) VALUES ('PUFF_STORE', '8051234500008', 'English Night Twenty Mix TNT Vape Aroma Concentrato 10ml', 10, 'LIQUIDO', 'AROMA', 7.44, 12.4, 'English Night Twenty Mix TNT Vape Aroma Concentrato 10ml', 'https://www.svapoebasta.com/92058-thickbox_default/english-night-twenty-mix-distillati-10-ml.jpg');
INSERT INTO product (store_id, barcode, name, milliliters, category, sub_category, purchase_price, retail_price, description, image_url) VALUES ('PROFESSIONAL_VAPE', '8051234500009', 'Liquirizia & Menta Naomi T-Svapo Aroma Concentrato 10ml', 10, 'LIQUIDO', 'AROMA', 4.14, 6.9, 'Liquirizia & Menta Naomi T-Svapo Aroma Concentrato 10ml', 'https://www.svapoebasta.com/91730-thickbox_default/liquirizia-menta-naomi-10-ml.jpg');
INSERT INTO product (store_id, barcode, name, milliliters, category, sub_category, purchase_price, retail_price, description, image_url) VALUES ('PUFF_STORE', '8051234500009', 'Liquirizia & Menta Naomi T-Svapo Aroma Concentrato 10ml', 10, 'LIQUIDO', 'AROMA', 4.14, 6.9, 'Liquirizia & Menta Naomi T-Svapo Aroma Concentrato 10ml', 'https://www.svapoebasta.com/91730-thickbox_default/liquirizia-menta-naomi-10-ml.jpg');
INSERT INTO product (store_id, barcode, name, milliliters, category, sub_category, purchase_price, retail_price, description, image_url) VALUES ('PROFESSIONAL_VAPE', '8051234500010', 'Liquirizia & Sambuca Naomi T-Svapo Aroma Concentrato 10ml', 10, 'LIQUIDO', 'AROMA', 4.14, 6.9, 'Liquirizia & Sambuca Naomi T-Svapo Aroma Concentrato 10ml', 'https://www.svapoebasta.com/91732-thickbox_default/liquirizia-sambuca-naomi-10-ml.jpg');
INSERT INTO product (store_id, barcode, name, milliliters, category, sub_category, purchase_price, retail_price, description, image_url) VALUES ('PUFF_STORE', '8051234500010', 'Liquirizia & Sambuca Naomi T-Svapo Aroma Concentrato 10ml', 10, 'LIQUIDO', 'AROMA', 4.14, 6.9, 'Liquirizia & Sambuca Naomi T-Svapo Aroma Concentrato 10ml', 'https://www.svapoebasta.com/91732-thickbox_default/liquirizia-sambuca-naomi-10-ml.jpg');
INSERT INTO product (store_id, barcode, name, milliliters, category, sub_category, purchase_price, retail_price, description, image_url) VALUES ('PROFESSIONAL_VAPE', '8051234500011', 'The Dragon T-Star T-Svapo Aroma Concentrato 10ml', 10, 'LIQUIDO', 'AROMA', 4.14, 6.9, 'The Dragon T-Star T-Svapo Aroma Concentrato 10ml', 'https://www.svapoebasta.com/91734-thickbox_default/the-dragon-vapeflix-10-ml.jpg');
INSERT INTO product (store_id, barcode, name, milliliters, category, sub_category, purchase_price, retail_price, description, image_url) VALUES ('PUFF_STORE', '8051234500011', 'The Dragon T-Star T-Svapo Aroma Concentrato 10ml', 10, 'LIQUIDO', 'AROMA', 4.14, 6.9, 'The Dragon T-Star T-Svapo Aroma Concentrato 10ml', 'https://www.svapoebasta.com/91734-thickbox_default/the-dragon-vapeflix-10-ml.jpg');
INSERT INTO product (store_id, barcode, name, milliliters, category, sub_category, purchase_price, retail_price, description, image_url) VALUES ('PROFESSIONAL_VAPE', '8051234500012', 'Twister Banana T-Svapo Aroma Concentrato 10ml', 10, 'LIQUIDO', 'AROMA', 4.14, 6.9, 'Twister Banana T-Svapo Aroma Concentrato 10ml', 'https://www.svapoebasta.com/91722-thickbox_default/twister-banana-10-ml.jpg');
INSERT INTO product (store_id, barcode, name, milliliters, category, sub_category, purchase_price, retail_price, description, image_url) VALUES ('PUFF_STORE', '8051234500012', 'Twister Banana T-Svapo Aroma Concentrato 10ml', 10, 'LIQUIDO', 'AROMA', 4.14, 6.9, 'Twister Banana T-Svapo Aroma Concentrato 10ml', 'https://www.svapoebasta.com/91722-thickbox_default/twister-banana-10-ml.jpg');
INSERT INTO product (store_id, barcode, name, milliliters, category, sub_category, purchase_price, retail_price, description, image_url) VALUES ('PROFESSIONAL_VAPE', '8051234500013', 'Twister Mango T-Svapo Aroma Concentrato 10ml', 10, 'LIQUIDO', 'AROMA', 4.14, 6.9, 'Twister Mango T-Svapo Aroma Concentrato 10ml', 'https://www.svapoebasta.com/91724-thickbox_default/twister-mango-10-ml.jpg');
INSERT INTO product (store_id, barcode, name, milliliters, category, sub_category, purchase_price, retail_price, description, image_url) VALUES ('PUFF_STORE', '8051234500013', 'Twister Mango T-Svapo Aroma Concentrato 10ml', 10, 'LIQUIDO', 'AROMA', 4.14, 6.9, 'Twister Mango T-Svapo Aroma Concentrato 10ml', 'https://www.svapoebasta.com/91724-thickbox_default/twister-mango-10-ml.jpg');
INSERT INTO product (store_id, barcode, name, milliliters, category, sub_category, purchase_price, retail_price, description, image_url) VALUES ('PROFESSIONAL_VAPE', '8051234500014', 'Twister Cola T-Svapo Aroma Concentrato 10ml', 10, 'LIQUIDO', 'AROMA', 4.14, 6.9, 'Twister Cola T-Svapo Aroma Concentrato 10ml', 'https://www.svapoebasta.com/91726-thickbox_default/twister-cola-10-ml.jpg');
INSERT INTO product (store_id, barcode, name, milliliters, category, sub_category, purchase_price, retail_price, description, image_url) VALUES ('PUFF_STORE', '8051234500014', 'Twister Cola T-Svapo Aroma Concentrato 10ml', 10, 'LIQUIDO', 'AROMA', 4.14, 6.9, 'Twister Cola T-Svapo Aroma Concentrato 10ml', 'https://www.svapoebasta.com/91726-thickbox_default/twister-cola-10-ml.jpg');
INSERT INTO product (store_id, barcode, name, milliliters, category, sub_category, purchase_price, retail_price, description, image_url) VALUES ('PROFESSIONAL_VAPE', '8051234500015', 'Mela Rossa TenX Nic Salts FlavourArt Liquido Pronto 10ml', 10, 'LIQUIDO', 'TPD', 4.2, 7.0, 'Mela Rossa TenX Nic Salts FlavourArt Liquido Pronto 10ml', 'https://www.svapoebasta.com/91505-thickbox_default/mela-rossa-ten-x-10-ml.jpg');
INSERT INTO product (store_id, barcode, name, milliliters, category, sub_category, purchase_price, retail_price, description, image_url) VALUES ('PUFF_STORE', '8051234500015', 'Mela Rossa TenX Nic Salts FlavourArt Liquido Pronto 10ml', 10, 'LIQUIDO', 'TPD', 4.2, 7.0, 'Mela Rossa TenX Nic Salts FlavourArt Liquido Pronto 10ml', 'https://www.svapoebasta.com/91505-thickbox_default/mela-rossa-ten-x-10-ml.jpg');
INSERT INTO product (store_id, barcode, name, milliliters, category, sub_category, purchase_price, retail_price, description, image_url) VALUES ('PROFESSIONAL_VAPE', '8051234500016', 'Frutti di Bosco TenX Nic Salts FlavourArt Liquido Pronto 10ml', 10, 'LIQUIDO', 'TPD', 4.2, 7.0, 'Frutti di Bosco TenX Nic Salts FlavourArt Liquido Pronto 10ml', 'https://www.svapoebasta.com/91507-thickbox_default/frutti-di-bosco-ten-x-10-ml.jpg');
INSERT INTO product (store_id, barcode, name, milliliters, category, sub_category, purchase_price, retail_price, description, image_url) VALUES ('PUFF_STORE', '8051234500016', 'Frutti di Bosco TenX Nic Salts FlavourArt Liquido Pronto 10ml', 10, 'LIQUIDO', 'TPD', 4.2, 7.0, 'Frutti di Bosco TenX Nic Salts FlavourArt Liquido Pronto 10ml', 'https://www.svapoebasta.com/91507-thickbox_default/frutti-di-bosco-ten-x-10-ml.jpg');
INSERT INTO product (store_id, barcode, name, milliliters, category, sub_category, purchase_price, retail_price, description, image_url) VALUES ('PROFESSIONAL_VAPE', '8051234500017', 'Dragon Fruit TenX Nic Salts FlavourArt Liquido Pronto 10ml', 10, 'LIQUIDO', 'TPD', 4.2, 7.0, 'Dragon Fruit TenX Nic Salts FlavourArt Liquido Pronto 10ml', 'https://www.svapoebasta.com/91509-thickbox_default/dragon-fruit-ten-x-10-ml.jpg');
INSERT INTO product (store_id, barcode, name, milliliters, category, sub_category, purchase_price, retail_price, description, image_url) VALUES ('PUFF_STORE', '8051234500017', 'Dragon Fruit TenX Nic Salts FlavourArt Liquido Pronto 10ml', 10, 'LIQUIDO', 'TPD', 4.2, 7.0, 'Dragon Fruit TenX Nic Salts FlavourArt Liquido Pronto 10ml', 'https://www.svapoebasta.com/91509-thickbox_default/dragon-fruit-ten-x-10-ml.jpg');
INSERT INTO product (store_id, barcode, name, milliliters, category, sub_category, purchase_price, retail_price, description, image_url) VALUES ('PROFESSIONAL_VAPE', '8051234500018', 'American Blend Il Distillificio Suprem-e Liquido Pronto 10ml', 10, 'LIQUIDO', 'TPD', 4.14, 6.9, 'American Blend Il Distillificio Suprem-e Liquido Pronto 10ml', 'https://www.svapoebasta.com/90974-thickbox_default/american-blend-distillificio-10-ml.jpg');
INSERT INTO product (store_id, barcode, name, milliliters, category, sub_category, purchase_price, retail_price, description, image_url) VALUES ('PUFF_STORE', '8051234500018', 'American Blend Il Distillificio Suprem-e Liquido Pronto 10ml', 10, 'LIQUIDO', 'TPD', 4.14, 6.9, 'American Blend Il Distillificio Suprem-e Liquido Pronto 10ml', 'https://www.svapoebasta.com/90974-thickbox_default/american-blend-distillificio-10-ml.jpg');
INSERT INTO product (store_id, barcode, name, milliliters, category, sub_category, purchase_price, retail_price, description, image_url) VALUES ('PROFESSIONAL_VAPE', '8051234500019', 'Virginia Il Distillificio Suprem-e Liquido Pronto 10ml', 10, 'LIQUIDO', 'TPD', 4.14, 6.9, 'Virginia Il Distillificio Suprem-e Liquido Pronto 10ml', 'https://www.svapoebasta.com/90969-thickbox_default/virginia-distillificio-10-ml.jpg');
INSERT INTO product (store_id, barcode, name, milliliters, category, sub_category, purchase_price, retail_price, description, image_url) VALUES ('PUFF_STORE', '8051234500019', 'Virginia Il Distillificio Suprem-e Liquido Pronto 10ml', 10, 'LIQUIDO', 'TPD', 4.14, 6.9, 'Virginia Il Distillificio Suprem-e Liquido Pronto 10ml', 'https://www.svapoebasta.com/90969-thickbox_default/virginia-distillificio-10-ml.jpg');
INSERT INTO product (store_id, barcode, name, milliliters, category, sub_category, purchase_price, retail_price, description, image_url) VALUES ('PROFESSIONAL_VAPE', '8051234500020', 'Burley Il Distillificio Suprem-e Liquido Pronto 10ml', 10, 'LIQUIDO', 'TPD', 4.14, 6.9, 'Burley Il Distillificio Suprem-e Liquido Pronto 10ml', 'https://www.svapoebasta.com/90970-thickbox_default/burley-distillificio-10-ml.jpg');
INSERT INTO product (store_id, barcode, name, milliliters, category, sub_category, purchase_price, retail_price, description, image_url) VALUES ('PUFF_STORE', '8051234500020', 'Burley Il Distillificio Suprem-e Liquido Pronto 10ml', 10, 'LIQUIDO', 'TPD', 4.14, 6.9, 'Burley Il Distillificio Suprem-e Liquido Pronto 10ml', 'https://www.svapoebasta.com/90970-thickbox_default/burley-distillificio-10-ml.jpg');
INSERT INTO product (store_id, barcode, name, milliliters, category, sub_category, purchase_price, retail_price, description, image_url) VALUES ('PROFESSIONAL_VAPE', '8051234500021', 'Perique Il Distillificio Suprem-e Liquido Pronto 10ml', 10, 'LIQUIDO', 'TPD', 4.14, 6.9, 'Perique Il Distillificio Suprem-e Liquido Pronto 10ml', 'https://www.svapoebasta.com/90971-thickbox_default/perique-distillificio-10-ml.jpg');
INSERT INTO product (store_id, barcode, name, milliliters, category, sub_category, purchase_price, retail_price, description, image_url) VALUES ('PUFF_STORE', '8051234500021', 'Perique Il Distillificio Suprem-e Liquido Pronto 10ml', 10, 'LIQUIDO', 'TPD', 4.14, 6.9, 'Perique Il Distillificio Suprem-e Liquido Pronto 10ml', 'https://www.svapoebasta.com/90971-thickbox_default/perique-distillificio-10-ml.jpg');
INSERT INTO product (store_id, barcode, name, milliliters, category, sub_category, purchase_price, retail_price, description, image_url) VALUES ('PROFESSIONAL_VAPE', '8051234500022', 'Kentucky Il Distillificio Suprem-e Liquido Pronto 10ml', 10, 'LIQUIDO', 'TPD', 4.14, 6.9, 'Kentucky Il Distillificio Suprem-e Liquido Pronto 10ml', 'https://www.svapoebasta.com/90972-thickbox_default/kentucky-distillificio-10-ml.jpg');
INSERT INTO product (store_id, barcode, name, milliliters, category, sub_category, purchase_price, retail_price, description, image_url) VALUES ('PUFF_STORE', '8051234500022', 'Kentucky Il Distillificio Suprem-e Liquido Pronto 10ml', 10, 'LIQUIDO', 'TPD', 4.14, 6.9, 'Kentucky Il Distillificio Suprem-e Liquido Pronto 10ml', 'https://www.svapoebasta.com/90972-thickbox_default/kentucky-distillificio-10-ml.jpg');
INSERT INTO product (store_id, barcode, name, milliliters, category, sub_category, purchase_price, retail_price, description, image_url) VALUES ('PROFESSIONAL_VAPE', '8051234500023', 'Latakia Il Distillificio Suprem-e Liquido Pronto 10ml', 10, 'LIQUIDO', 'TPD', 4.14, 6.9, 'Latakia Il Distillificio Suprem-e Liquido Pronto 10ml', 'https://www.svapoebasta.com/90973-thickbox_default/latakia-distillificio-10-ml.jpg');
INSERT INTO product (store_id, barcode, name, milliliters, category, sub_category, purchase_price, retail_price, description, image_url) VALUES ('PUFF_STORE', '8051234500023', 'Latakia Il Distillificio Suprem-e Liquido Pronto 10ml', 10, 'LIQUIDO', 'TPD', 4.14, 6.9, 'Latakia Il Distillificio Suprem-e Liquido Pronto 10ml', 'https://www.svapoebasta.com/90973-thickbox_default/latakia-distillificio-10-ml.jpg');
INSERT INTO product (store_id, barcode, name, milliliters, category, sub_category, purchase_price, retail_price, description, image_url) VALUES ('PROFESSIONAL_VAPE', '8051234500024', 'Melone Ice Vaporart Liquido Pronto 10ml', 10, 'LIQUIDO', 'TPD', 3.9, 6.5, 'Melone Ice Vaporart Liquido Pronto 10ml', 'https://www.svapoebasta.com/90094-thickbox_default/melone-ice-10-ml.jpg');
INSERT INTO product (store_id, barcode, name, milliliters, category, sub_category, purchase_price, retail_price, description, image_url) VALUES ('PUFF_STORE', '8051234500024', 'Melone Ice Vaporart Liquido Pronto 10ml', 10, 'LIQUIDO', 'TPD', 3.9, 6.5, 'Melone Ice Vaporart Liquido Pronto 10ml', 'https://www.svapoebasta.com/90094-thickbox_default/melone-ice-10-ml.jpg');
INSERT INTO product (store_id, barcode, name, milliliters, category, sub_category, purchase_price, retail_price, description, image_url) VALUES ('PROFESSIONAL_VAPE', '8051234500025', 'Agrumi Ice Vaporart Liquido Pronto 10ml', 10, 'LIQUIDO', 'TPD', 3.9, 6.5, 'Agrumi Ice Vaporart Liquido Pronto 10ml', 'https://www.svapoebasta.com/90095-thickbox_default/agrumi-ice-10-ml.jpg');
INSERT INTO product (store_id, barcode, name, milliliters, category, sub_category, purchase_price, retail_price, description, image_url) VALUES ('PUFF_STORE', '8051234500025', 'Agrumi Ice Vaporart Liquido Pronto 10ml', 10, 'LIQUIDO', 'TPD', 3.9, 6.5, 'Agrumi Ice Vaporart Liquido Pronto 10ml', 'https://www.svapoebasta.com/90095-thickbox_default/agrumi-ice-10-ml.jpg');
INSERT INTO product (store_id, barcode, name, milliliters, category, sub_category, purchase_price, retail_price, description, image_url) VALUES ('PROFESSIONAL_VAPE', '8051234500026', 'Fragola Kiwi Ice Vaporart Liquido Pronto 10ml', 10, 'LIQUIDO', 'TPD', 3.9, 6.5, 'Fragola Kiwi Ice Vaporart Liquido Pronto 10ml', 'https://www.svapoebasta.com/90096-thickbox_default/fragola-kiwi-ice-10-ml.jpg');
INSERT INTO product (store_id, barcode, name, milliliters, category, sub_category, purchase_price, retail_price, description, image_url) VALUES ('PUFF_STORE', '8051234500026', 'Fragola Kiwi Ice Vaporart Liquido Pronto 10ml', 10, 'LIQUIDO', 'TPD', 3.9, 6.5, 'Fragola Kiwi Ice Vaporart Liquido Pronto 10ml', 'https://www.svapoebasta.com/90096-thickbox_default/fragola-kiwi-ice-10-ml.jpg');
INSERT INTO product (store_id, barcode, name, milliliters, category, sub_category, purchase_price, retail_price, description, image_url) VALUES ('PROFESSIONAL_VAPE', '8051234500027', 'Banana Ice Vaporart Liquido Pronto 10ml', 10, 'LIQUIDO', 'TPD', 3.9, 6.5, 'Banana Ice Vaporart Liquido Pronto 10ml', 'https://www.svapoebasta.com/90093-thickbox_default/banana-ice-10-ml.jpg');
INSERT INTO product (store_id, barcode, name, milliliters, category, sub_category, purchase_price, retail_price, description, image_url) VALUES ('PUFF_STORE', '8051234500027', 'Banana Ice Vaporart Liquido Pronto 10ml', 10, 'LIQUIDO', 'TPD', 3.9, 6.5, 'Banana Ice Vaporart Liquido Pronto 10ml', 'https://www.svapoebasta.com/90093-thickbox_default/banana-ice-10-ml.jpg');
INSERT INTO product (store_id, barcode, name, milliliters, category, sub_category, purchase_price, retail_price, description, image_url) VALUES ('PROFESSIONAL_VAPE', '8051234500028', 'Strawberry Burst MaxGo Relx Liquido Pronto 10ml', 10, 'LIQUIDO', 'TPD', 4.14, 6.9, 'Strawberry Burst MaxGo Relx Liquido Pronto 10ml', 'https://www.svapoebasta.com/90027-thickbox_default/strawberry-burst-maxgo-10-ml.jpg');
INSERT INTO product (store_id, barcode, name, milliliters, category, sub_category, purchase_price, retail_price, description, image_url) VALUES ('PUFF_STORE', '8051234500028', 'Strawberry Burst MaxGo Relx Liquido Pronto 10ml', 10, 'LIQUIDO', 'TPD', 4.14, 6.9, 'Strawberry Burst MaxGo Relx Liquido Pronto 10ml', 'https://www.svapoebasta.com/90027-thickbox_default/strawberry-burst-maxgo-10-ml.jpg');
INSERT INTO product (store_id, barcode, name, milliliters, category, sub_category, purchase_price, retail_price, description, image_url) VALUES ('PROFESSIONAL_VAPE', '8051234500029', 'Triple Mango MaxGo Relx Liquido Pronto 10ml', 10, 'LIQUIDO', 'TPD', 4.14, 6.9, 'Triple Mango MaxGo Relx Liquido Pronto 10ml', 'https://www.svapoebasta.com/90029-thickbox_default/triple-mango-maxgo-10-ml.jpg');
INSERT INTO product (store_id, barcode, name, milliliters, category, sub_category, purchase_price, retail_price, description, image_url) VALUES ('PUFF_STORE', '8051234500029', 'Triple Mango MaxGo Relx Liquido Pronto 10ml', 10, 'LIQUIDO', 'TPD', 4.14, 6.9, 'Triple Mango MaxGo Relx Liquido Pronto 10ml', 'https://www.svapoebasta.com/90029-thickbox_default/triple-mango-maxgo-10-ml.jpg');
INSERT INTO product (store_id, barcode, name, milliliters, category, sub_category, purchase_price, retail_price, description, image_url) VALUES ('PROFESSIONAL_VAPE', '8051234500030', 'Kong Fruity Ice TNT Vape Liquido Mix and Vape 20ml', 10, 'LIQUIDO', 'SHOT', 9.3, 15.5, 'Kong Fruity Ice TNT Vape Liquido Mix and Vape 20ml', 'https://www.svapoebasta.com/92732-thickbox_default/kong-ice-fruity-20-ml.jpg');
INSERT INTO product (store_id, barcode, name, milliliters, category, sub_category, purchase_price, retail_price, description, image_url) VALUES ('PUFF_STORE', '8051234500030', 'Kong Fruity Ice TNT Vape Liquido Mix and Vape 20ml', 10, 'LIQUIDO', 'SHOT', 9.3, 15.5, 'Kong Fruity Ice TNT Vape Liquido Mix and Vape 20ml', 'https://www.svapoebasta.com/92732-thickbox_default/kong-ice-fruity-20-ml.jpg');
INSERT INTO product (store_id, barcode, name, milliliters, category, sub_category, purchase_price, retail_price, description, image_url) VALUES ('PROFESSIONAL_VAPE', '8051234500031', 'Pane e Cioccolata Tale e Quale King Liquid Liquido Mix and Vape 10ml', 10, 'LIQUIDO', 'SHOT', 3.9, 6.5, 'Pane e Cioccolata Tale e Quale King Liquid Liquido Mix and Vape 10ml', 'https://www.svapoebasta.com/92200-thickbox_default/pane-cioccolata-tale-e-quale-10-ml.jpg');
INSERT INTO product (store_id, barcode, name, milliliters, category, sub_category, purchase_price, retail_price, description, image_url) VALUES ('PUFF_STORE', '8051234500031', 'Pane e Cioccolata Tale e Quale King Liquid Liquido Mix and Vape 10ml', 10, 'LIQUIDO', 'SHOT', 3.9, 6.5, 'Pane e Cioccolata Tale e Quale King Liquid Liquido Mix and Vape 10ml', 'https://www.svapoebasta.com/92200-thickbox_default/pane-cioccolata-tale-e-quale-10-ml.jpg');
INSERT INTO product (store_id, barcode, name, milliliters, category, sub_category, purchase_price, retail_price, description, image_url) VALUES ('PROFESSIONAL_VAPE', '8051234500032', 'Menta & Limone Granitika King Liquid Liquido Mix and Vape 20ml', 10, 'LIQUIDO', 'SHOT', 10.14, 16.9, 'Menta & Limone Granitika King Liquid Liquido Mix and Vape 20ml', 'https://www.svapoebasta.com/91811-thickbox_default/menta-limone-granitika-20-ml.jpg');
INSERT INTO product (store_id, barcode, name, milliliters, category, sub_category, purchase_price, retail_price, description, image_url) VALUES ('PUFF_STORE', '8051234500032', 'Menta & Limone Granitika King Liquid Liquido Mix and Vape 20ml', 10, 'LIQUIDO', 'SHOT', 10.14, 16.9, 'Menta & Limone Granitika King Liquid Liquido Mix and Vape 20ml', 'https://www.svapoebasta.com/91811-thickbox_default/menta-limone-granitika-20-ml.jpg');
INSERT INTO product (store_id, barcode, name, milliliters, category, sub_category, purchase_price, retail_price, description, image_url) VALUES ('PROFESSIONAL_VAPE', '8051234500033', 'Mango & Frutti di Bosco Granitika King Liquid Liquido Mix and Vape 10ml', 10, 'LIQUIDO', 'SHOT', 4.14, 6.9, 'Mango & Frutti di Bosco Granitika King Liquid Liquido Mix and Vape 10ml', 'https://www.svapoebasta.com/91805-thickbox_default/mango-frutti-di-bosco-granitika-10-ml.jpg');
INSERT INTO product (store_id, barcode, name, milliliters, category, sub_category, purchase_price, retail_price, description, image_url) VALUES ('PUFF_STORE', '8051234500033', 'Mango & Frutti di Bosco Granitika King Liquid Liquido Mix and Vape 10ml', 10, 'LIQUIDO', 'SHOT', 4.14, 6.9, 'Mango & Frutti di Bosco Granitika King Liquid Liquido Mix and Vape 10ml', 'https://www.svapoebasta.com/91805-thickbox_default/mango-frutti-di-bosco-granitika-10-ml.jpg');
INSERT INTO product (store_id, barcode, name, milliliters, category, sub_category, purchase_price, retail_price, description, image_url) VALUES ('PROFESSIONAL_VAPE', '8051234500034', 'Menta & Limone Granitika King Liquid Liquido Mix and Vape 10ml', 10, 'LIQUIDO', 'SHOT', 4.14, 6.9, 'Menta & Limone Granitika King Liquid Liquido Mix and Vape 10ml', 'https://www.svapoebasta.com/91813-thickbox_default/menta-limone-granitika-10-ml.jpg');
INSERT INTO product (store_id, barcode, name, milliliters, category, sub_category, purchase_price, retail_price, description, image_url) VALUES ('PUFF_STORE', '8051234500034', 'Menta & Limone Granitika King Liquid Liquido Mix and Vape 10ml', 10, 'LIQUIDO', 'SHOT', 4.14, 6.9, 'Menta & Limone Granitika King Liquid Liquido Mix and Vape 10ml', 'https://www.svapoebasta.com/91813-thickbox_default/menta-limone-granitika-10-ml.jpg');
INSERT INTO product (store_id, barcode, name, milliliters, category, sub_category, purchase_price, retail_price, description, image_url) VALUES ('PROFESSIONAL_VAPE', '8051234500035', 'Master Tale e Quale King Liquid Liquido Mix and Vape 10ml', 10, 'LIQUIDO', 'SHOT', 4.14, 6.9, 'Master Tale e Quale King Liquid Liquido Mix and Vape 10ml', 'https://www.svapoebasta.com/91809-thickbox_default/master-tale-e-quale-10-ml.jpg');
INSERT INTO product (store_id, barcode, name, milliliters, category, sub_category, purchase_price, retail_price, description, image_url) VALUES ('PUFF_STORE', '8051234500035', 'Master Tale e Quale King Liquid Liquido Mix and Vape 10ml', 10, 'LIQUIDO', 'SHOT', 4.14, 6.9, 'Master Tale e Quale King Liquid Liquido Mix and Vape 10ml', 'https://www.svapoebasta.com/91809-thickbox_default/master-tale-e-quale-10-ml.jpg');
INSERT INTO product (store_id, barcode, name, milliliters, category, sub_category, purchase_price, retail_price, description, image_url) VALUES ('PROFESSIONAL_VAPE', '8051234500036', 'Mango & Frutti di Bosco Granitika King Liquid Liquido Mix and Vape 20ml', 10, 'LIQUIDO', 'SHOT', 10.14, 16.9, 'Mango & Frutti di Bosco Granitika King Liquid Liquido Mix and Vape 20ml', 'https://www.svapoebasta.com/91810-thickbox_default/mango-frutti-di-bosco-granitika-20-ml.jpg');
INSERT INTO product (store_id, barcode, name, milliliters, category, sub_category, purchase_price, retail_price, description, image_url) VALUES ('PUFF_STORE', '8051234500036', 'Mango & Frutti di Bosco Granitika King Liquid Liquido Mix and Vape 20ml', 10, 'LIQUIDO', 'SHOT', 10.14, 16.9, 'Mango & Frutti di Bosco Granitika King Liquid Liquido Mix and Vape 20ml', 'https://www.svapoebasta.com/91810-thickbox_default/mango-frutti-di-bosco-granitika-20-ml.jpg');
INSERT INTO product (store_id, barcode, name, milliliters, category, sub_category, purchase_price, retail_price, description, image_url) VALUES ('PROFESSIONAL_VAPE', '8051234500037', 'Baily Tale e Quale King Liquid Liquido Mix and Vape 20ml', 10, 'LIQUIDO', 'SHOT', 10.14, 16.9, 'Baily Tale e Quale King Liquid Liquido Mix and Vape 20ml', 'https://www.svapoebasta.com/91806-thickbox_default/baily-tale-e-quale-20-ml.jpg');
INSERT INTO product (store_id, barcode, name, milliliters, category, sub_category, purchase_price, retail_price, description, image_url) VALUES ('PUFF_STORE', '8051234500037', 'Baily Tale e Quale King Liquid Liquido Mix and Vape 20ml', 10, 'LIQUIDO', 'SHOT', 10.14, 16.9, 'Baily Tale e Quale King Liquid Liquido Mix and Vape 20ml', 'https://www.svapoebasta.com/91806-thickbox_default/baily-tale-e-quale-20-ml.jpg');
INSERT INTO product (store_id, barcode, name, milliliters, category, sub_category, purchase_price, retail_price, description, image_url) VALUES ('PROFESSIONAL_VAPE', '8051234500038', 'Master Tale e Quale King Liquid Liquido Mix and Vape 20ml', 10, 'LIQUIDO', 'SHOT', 10.14, 16.9, 'Master Tale e Quale King Liquid Liquido Mix and Vape 20ml', 'https://www.svapoebasta.com/91807-thickbox_default/master-tale-e-quale-20-ml.jpg');
INSERT INTO product (store_id, barcode, name, milliliters, category, sub_category, purchase_price, retail_price, description, image_url) VALUES ('PUFF_STORE', '8051234500038', 'Master Tale e Quale King Liquid Liquido Mix and Vape 20ml', 10, 'LIQUIDO', 'SHOT', 10.14, 16.9, 'Master Tale e Quale King Liquid Liquido Mix and Vape 20ml', 'https://www.svapoebasta.com/91807-thickbox_default/master-tale-e-quale-20-ml.jpg');
INSERT INTO product (store_id, barcode, name, milliliters, category, sub_category, purchase_price, retail_price, description, image_url) VALUES ('PROFESSIONAL_VAPE', '8051234500039', 'Baily Tale e Quale King Liquid Liquido Mix and Vape 10ml', 10, 'LIQUIDO', 'SHOT', 4.14, 6.9, 'Baily Tale e Quale King Liquid Liquido Mix and Vape 10ml', 'https://www.svapoebasta.com/91808-thickbox_default/baily-tale-e-quale-10-ml.jpg');
INSERT INTO product (store_id, barcode, name, milliliters, category, sub_category, purchase_price, retail_price, description, image_url) VALUES ('PUFF_STORE', '8051234500039', 'Baily Tale e Quale King Liquid Liquido Mix and Vape 10ml', 10, 'LIQUIDO', 'SHOT', 4.14, 6.9, 'Baily Tale e Quale King Liquid Liquido Mix and Vape 10ml', 'https://www.svapoebasta.com/91808-thickbox_default/baily-tale-e-quale-10-ml.jpg');
INSERT INTO product (store_id, barcode, name, milliliters, category, sub_category, purchase_price, retail_price, description, image_url) VALUES ('PROFESSIONAL_VAPE', '8051234500040', 'Liquirizia & Menta Naomi T-Svapo Liquido Mix and Vape 20ml', 10, 'LIQUIDO', 'SHOT', 10.14, 16.9, 'Liquirizia & Menta Naomi T-Svapo Liquido Mix and Vape 20ml', 'https://www.svapoebasta.com/91691-thickbox_default/liquirizia-caffe-naomi-20-ml.jpg');
INSERT INTO product (store_id, barcode, name, milliliters, category, sub_category, purchase_price, retail_price, description, image_url) VALUES ('PUFF_STORE', '8051234500040', 'Liquirizia & Menta Naomi T-Svapo Liquido Mix and Vape 20ml', 10, 'LIQUIDO', 'SHOT', 10.14, 16.9, 'Liquirizia & Menta Naomi T-Svapo Liquido Mix and Vape 20ml', 'https://www.svapoebasta.com/91691-thickbox_default/liquirizia-caffe-naomi-20-ml.jpg');
INSERT INTO product (store_id, barcode, name, milliliters, category, sub_category, purchase_price, retail_price, description, image_url) VALUES ('PROFESSIONAL_VAPE', '8051234500041', 'Liquirizia & Sambuca Naomi T-Svapo Liquido Mix and Vape 20ml', 10, 'LIQUIDO', 'SHOT', 10.14, 16.9, 'Liquirizia & Sambuca Naomi T-Svapo Liquido Mix and Vape 20ml', 'https://www.svapoebasta.com/91692-thickbox_default/liquirizia-sambuca-naomi-20-ml.jpg');
INSERT INTO product (store_id, barcode, name, milliliters, category, sub_category, purchase_price, retail_price, description, image_url) VALUES ('PUFF_STORE', '8051234500041', 'Liquirizia & Sambuca Naomi T-Svapo Liquido Mix and Vape 20ml', 10, 'LIQUIDO', 'SHOT', 10.14, 16.9, 'Liquirizia & Sambuca Naomi T-Svapo Liquido Mix and Vape 20ml', 'https://www.svapoebasta.com/91692-thickbox_default/liquirizia-sambuca-naomi-20-ml.jpg');
INSERT INTO product (store_id, barcode, name, milliliters, category, sub_category, purchase_price, retail_price, description, image_url) VALUES ('PROFESSIONAL_VAPE', '8051234500042', 'The Dragon Vapeflix T-Svapo T-Star Liquido Mix and Vape 20ml', 10, 'LIQUIDO', 'SHOT', 10.14, 16.9, 'The Dragon Vapeflix T-Svapo T-Star Liquido Mix and Vape 20ml', 'https://www.svapoebasta.com/91686-thickbox_default/the-dragon-vapeflix-20-ml.jpg');
INSERT INTO product (store_id, barcode, name, milliliters, category, sub_category, purchase_price, retail_price, description, image_url) VALUES ('PUFF_STORE', '8051234500042', 'The Dragon Vapeflix T-Svapo T-Star Liquido Mix and Vape 20ml', 10, 'LIQUIDO', 'SHOT', 10.14, 16.9, 'The Dragon Vapeflix T-Svapo T-Star Liquido Mix and Vape 20ml', 'https://www.svapoebasta.com/91686-thickbox_default/the-dragon-vapeflix-20-ml.jpg');
INSERT INTO product (store_id, barcode, name, milliliters, category, sub_category, purchase_price, retail_price, description, image_url) VALUES ('PROFESSIONAL_VAPE', '8051234500043', 'Twister Banana T-Svapo T-Star Liquido Mix and Vape 20ml', 10, 'LIQUIDO', 'SHOT', 10.14, 16.9, 'Twister Banana T-Svapo T-Star Liquido Mix and Vape 20ml', 'https://www.svapoebasta.com/91687-thickbox_default/twister-banana-20-ml.jpg');
INSERT INTO product (store_id, barcode, name, milliliters, category, sub_category, purchase_price, retail_price, description, image_url) VALUES ('PUFF_STORE', '8051234500043', 'Twister Banana T-Svapo T-Star Liquido Mix and Vape 20ml', 10, 'LIQUIDO', 'SHOT', 10.14, 16.9, 'Twister Banana T-Svapo T-Star Liquido Mix and Vape 20ml', 'https://www.svapoebasta.com/91687-thickbox_default/twister-banana-20-ml.jpg');
INSERT INTO product (store_id, barcode, name, milliliters, category, sub_category, purchase_price, retail_price, description, image_url) VALUES ('PROFESSIONAL_VAPE', '8051234500044', 'Twister Mango T-Svapo T-Star Liquido Mix and Vape 20ml', 10, 'LIQUIDO', 'SHOT', 10.14, 16.9, 'Twister Mango T-Svapo T-Star Liquido Mix and Vape 20ml', 'https://www.svapoebasta.com/91688-thickbox_default/twister-mango-20-ml.jpg');
INSERT INTO product (store_id, barcode, name, milliliters, category, sub_category, purchase_price, retail_price, description, image_url) VALUES ('PUFF_STORE', '8051234500044', 'Twister Mango T-Svapo T-Star Liquido Mix and Vape 20ml', 10, 'LIQUIDO', 'SHOT', 10.14, 16.9, 'Twister Mango T-Svapo T-Star Liquido Mix and Vape 20ml', 'https://www.svapoebasta.com/91688-thickbox_default/twister-mango-20-ml.jpg');
INSERT INTO product (store_id, barcode, name, milliliters, category, sub_category, purchase_price, retail_price, description, image_url) VALUES ('PROFESSIONAL_VAPE', '8051234500045', 'Dubai Chocolate Ivory Edition Goldwave Aroma Mini Shot 10ml', 10, 'LIQUIDO', 'MINI_SHOT_10_10', 2.94, 4.9, 'Dubai Chocolate Ivory Edition Goldwave Aroma Mini Shot 10ml', 'https://www.svapoebasta.com/92764-thickbox_default/dubai-chocolate-ivory-edition-10-ml.jpg');
INSERT INTO product (store_id, barcode, name, milliliters, category, sub_category, purchase_price, retail_price, description, image_url) VALUES ('PUFF_STORE', '8051234500045', 'Dubai Chocolate Ivory Edition Goldwave Aroma Mini Shot 10ml', 10, 'LIQUIDO', 'MINI_SHOT_10_10', 2.94, 4.9, 'Dubai Chocolate Ivory Edition Goldwave Aroma Mini Shot 10ml', 'https://www.svapoebasta.com/92764-thickbox_default/dubai-chocolate-ivory-edition-10-ml.jpg');
INSERT INTO product (store_id, barcode, name, milliliters, category, sub_category, purchase_price, retail_price, description, image_url) VALUES ('PROFESSIONAL_VAPE', '8051234500046', 'Maly Flavourart Liquido Shot 20ml', 10, 'LIQUIDO', 'MINI_SHOT_10_10', 9.3, 15.5, 'Maly Flavourart Liquido Shot 20ml', 'https://www.svapoebasta.com/92729-thickbox_default/maly-20-ml.jpg');
INSERT INTO product (store_id, barcode, name, milliliters, category, sub_category, purchase_price, retail_price, description, image_url) VALUES ('PUFF_STORE', '8051234500046', 'Maly Flavourart Liquido Shot 20ml', 10, 'LIQUIDO', 'MINI_SHOT_10_10', 9.3, 15.5, 'Maly Flavourart Liquido Shot 20ml', 'https://www.svapoebasta.com/92729-thickbox_default/maly-20-ml.jpg');
INSERT INTO product (store_id, barcode, name, milliliters, category, sub_category, purchase_price, retail_price, description, image_url) VALUES ('PROFESSIONAL_VAPE', '8051234500047', 'Valy Flavourart Liquido Shot 20ml', 10, 'LIQUIDO', 'MINI_SHOT_10_10', 9.3, 15.5, 'Valy Flavourart Liquido Shot 20ml', 'https://www.svapoebasta.com/92730-thickbox_default/valy-20-ml.jpg');
INSERT INTO product (store_id, barcode, name, milliliters, category, sub_category, purchase_price, retail_price, description, image_url) VALUES ('PUFF_STORE', '8051234500047', 'Valy Flavourart Liquido Shot 20ml', 10, 'LIQUIDO', 'MINI_SHOT_10_10', 9.3, 15.5, 'Valy Flavourart Liquido Shot 20ml', 'https://www.svapoebasta.com/92730-thickbox_default/valy-20-ml.jpg');
INSERT INTO product (store_id, barcode, name, milliliters, category, sub_category, purchase_price, retail_price, description, image_url) VALUES ('PROFESSIONAL_VAPE', '8051234500048', 'Gelée Uva Americana Mela Fuji Ice High Voltage Flavourart Liquido Shot 20ml', 10, 'LIQUIDO', 'MINI_SHOT_10_10', 10.14, 16.9, 'Gelée Uva Americana Mela Fuji Ice High Voltage Flavourart Liquido Shot 20ml', 'https://www.svapoebasta.com/92190-thickbox_default/gelee-uva-americana-mela-fuji-ice-high-voltage-20-ml.jpg');
INSERT INTO product (store_id, barcode, name, milliliters, category, sub_category, purchase_price, retail_price, description, image_url) VALUES ('PUFF_STORE', '8051234500048', 'Gelée Uva Americana Mela Fuji Ice High Voltage Flavourart Liquido Shot 20ml', 10, 'LIQUIDO', 'MINI_SHOT_10_10', 10.14, 16.9, 'Gelée Uva Americana Mela Fuji Ice High Voltage Flavourart Liquido Shot 20ml', 'https://www.svapoebasta.com/92190-thickbox_default/gelee-uva-americana-mela-fuji-ice-high-voltage-20-ml.jpg');
INSERT INTO product (store_id, barcode, name, milliliters, category, sub_category, purchase_price, retail_price, description, image_url) VALUES ('PROFESSIONAL_VAPE', '8051234500049', 'Gelée Cola Frutti di Bosco Ice High Voltage Flavourart Liquido Shot 20ml', 10, 'LIQUIDO', 'MINI_SHOT_10_10', 10.14, 16.9, 'Gelée Cola Frutti di Bosco Ice High Voltage Flavourart Liquido Shot 20ml', 'https://www.svapoebasta.com/92192-thickbox_default/gelee-cola-frutti-bosco-ice-high-voltage-20-ml.jpg');
INSERT INTO product (store_id, barcode, name, milliliters, category, sub_category, purchase_price, retail_price, description, image_url) VALUES ('PUFF_STORE', '8051234500049', 'Gelée Cola Frutti di Bosco Ice High Voltage Flavourart Liquido Shot 20ml', 10, 'LIQUIDO', 'MINI_SHOT_10_10', 10.14, 16.9, 'Gelée Cola Frutti di Bosco Ice High Voltage Flavourart Liquido Shot 20ml', 'https://www.svapoebasta.com/92192-thickbox_default/gelee-cola-frutti-bosco-ice-high-voltage-20-ml.jpg');
INSERT INTO product (store_id, barcode, name, milliliters, category, sub_category, purchase_price, retail_price, description, image_url) VALUES ('PROFESSIONAL_VAPE', '8051234500050', 'Gelée Lampone Limone Ice High Voltage Flavourart Liquido Shot 20ml', 10, 'LIQUIDO', 'MINI_SHOT_10_10', 10.14, 16.9, 'Gelée Lampone Limone Ice High Voltage Flavourart Liquido Shot 20ml', 'https://www.svapoebasta.com/92176-thickbox_default/gelee-lampone-limone-ice-high-voltage-20-ml.jpg');
INSERT INTO product (store_id, barcode, name, milliliters, category, sub_category, purchase_price, retail_price, description, image_url) VALUES ('PUFF_STORE', '8051234500050', 'Gelée Lampone Limone Ice High Voltage Flavourart Liquido Shot 20ml', 10, 'LIQUIDO', 'MINI_SHOT_10_10', 10.14, 16.9, 'Gelée Lampone Limone Ice High Voltage Flavourart Liquido Shot 20ml', 'https://www.svapoebasta.com/92176-thickbox_default/gelee-lampone-limone-ice-high-voltage-20-ml.jpg');
INSERT INTO product (store_id, barcode, name, milliliters, category, sub_category, purchase_price, retail_price, description, image_url) VALUES ('PROFESSIONAL_VAPE', '8051234500051', 'Gelée Limone Anguria Ice High Voltage Flavourart Liquido Shot 20ml', 10, 'LIQUIDO', 'MINI_SHOT_10_10', 10.14, 16.9, 'Gelée Limone Anguria Ice High Voltage Flavourart Liquido Shot 20ml', 'https://www.svapoebasta.com/92178-thickbox_default/gelee-limone-anguria-ice-high-voltage-20-ml.jpg');
INSERT INTO product (store_id, barcode, name, milliliters, category, sub_category, purchase_price, retail_price, description, image_url) VALUES ('PUFF_STORE', '8051234500051', 'Gelée Limone Anguria Ice High Voltage Flavourart Liquido Shot 20ml', 10, 'LIQUIDO', 'MINI_SHOT_10_10', 10.14, 16.9, 'Gelée Limone Anguria Ice High Voltage Flavourart Liquido Shot 20ml', 'https://www.svapoebasta.com/92178-thickbox_default/gelee-limone-anguria-ice-high-voltage-20-ml.jpg');
INSERT INTO product (store_id, barcode, name, milliliters, category, sub_category, purchase_price, retail_price, description, image_url) VALUES ('PROFESSIONAL_VAPE', '8051234500052', 'Gelée Mango Fico d''India Ice High Voltage Flavourart Liquido Shot 20ml', 10, 'LIQUIDO', 'MINI_SHOT_10_10', 10.14, 16.9, 'Gelée Mango Fico d''India Ice High Voltage Flavourart Liquido Shot 20ml', 'https://www.svapoebasta.com/92180-thickbox_default/gelee-mango-fico-india-ice-high-voltage-20-ml.jpg');
INSERT INTO product (store_id, barcode, name, milliliters, category, sub_category, purchase_price, retail_price, description, image_url) VALUES ('PUFF_STORE', '8051234500052', 'Gelée Mango Fico d''India Ice High Voltage Flavourart Liquido Shot 20ml', 10, 'LIQUIDO', 'MINI_SHOT_10_10', 10.14, 16.9, 'Gelée Mango Fico d''India Ice High Voltage Flavourart Liquido Shot 20ml', 'https://www.svapoebasta.com/92180-thickbox_default/gelee-mango-fico-india-ice-high-voltage-20-ml.jpg');
INSERT INTO product (store_id, barcode, name, milliliters, category, sub_category, purchase_price, retail_price, description, image_url) VALUES ('PROFESSIONAL_VAPE', '8051234500053', 'Gelée Mela Verde Agrumi Ice High Voltage Flavourart Liquido Shot 20ml', 10, 'LIQUIDO', 'MINI_SHOT_10_10', 10.14, 16.9, 'Gelée Mela Verde Agrumi Ice High Voltage Flavourart Liquido Shot 20ml', 'https://www.svapoebasta.com/92182-thickbox_default/gelee-mela-verde-agrumi-ice-high-voltage-20-ml.jpg');
INSERT INTO product (store_id, barcode, name, milliliters, category, sub_category, purchase_price, retail_price, description, image_url) VALUES ('PUFF_STORE', '8051234500053', 'Gelée Mela Verde Agrumi Ice High Voltage Flavourart Liquido Shot 20ml', 10, 'LIQUIDO', 'MINI_SHOT_10_10', 10.14, 16.9, 'Gelée Mela Verde Agrumi Ice High Voltage Flavourart Liquido Shot 20ml', 'https://www.svapoebasta.com/92182-thickbox_default/gelee-mela-verde-agrumi-ice-high-voltage-20-ml.jpg');
INSERT INTO product (store_id, barcode, name, milliliters, category, sub_category, purchase_price, retail_price, description, image_url) VALUES ('PROFESSIONAL_VAPE', '8051234500054', 'Gelée Melone Fragola Ice High Voltage Flavourart Liquido Shot 20ml', 10, 'LIQUIDO', 'MINI_SHOT_10_10', 10.14, 16.9, 'Gelée Melone Fragola Ice High Voltage Flavourart Liquido Shot 20ml', 'https://www.svapoebasta.com/92184-thickbox_default/gelee-melone-fragola-ice-high-voltage-20-ml.jpg');
INSERT INTO product (store_id, barcode, name, milliliters, category, sub_category, purchase_price, retail_price, description, image_url) VALUES ('PUFF_STORE', '8051234500054', 'Gelée Melone Fragola Ice High Voltage Flavourart Liquido Shot 20ml', 10, 'LIQUIDO', 'MINI_SHOT_10_10', 10.14, 16.9, 'Gelée Melone Fragola Ice High Voltage Flavourart Liquido Shot 20ml', 'https://www.svapoebasta.com/92184-thickbox_default/gelee-melone-fragola-ice-high-voltage-20-ml.jpg');
INSERT INTO product (store_id, barcode, name, milliliters, category, sub_category, purchase_price, retail_price, description, image_url) VALUES ('PROFESSIONAL_VAPE', '8051234500055', 'Gelée Mora Lime Ice High Voltage Flavourart Liquido Shot 20ml', 10, 'LIQUIDO', 'MINI_SHOT_10_10', 10.14, 16.9, 'Gelée Mora Lime Ice High Voltage Flavourart Liquido Shot 20ml', 'https://www.svapoebasta.com/92186-thickbox_default/gelee-mora-lime-ice-high-voltage-20-ml.jpg');
INSERT INTO product (store_id, barcode, name, milliliters, category, sub_category, purchase_price, retail_price, description, image_url) VALUES ('PUFF_STORE', '8051234500055', 'Gelée Mora Lime Ice High Voltage Flavourart Liquido Shot 20ml', 10, 'LIQUIDO', 'MINI_SHOT_10_10', 10.14, 16.9, 'Gelée Mora Lime Ice High Voltage Flavourart Liquido Shot 20ml', 'https://www.svapoebasta.com/92186-thickbox_default/gelee-mora-lime-ice-high-voltage-20-ml.jpg');
INSERT INTO product (store_id, barcode, name, milliliters, category, sub_category, purchase_price, retail_price, description, image_url) VALUES ('PROFESSIONAL_VAPE', '8051234500056', 'Gelée Papaya Mango Ice High Voltage Flavourart Liquido Shot 20ml', 10, 'LIQUIDO', 'MINI_SHOT_10_10', 10.14, 16.9, 'Gelée Papaya Mango Ice High Voltage Flavourart Liquido Shot 20ml', 'https://www.svapoebasta.com/92188-thickbox_default/gelee-papaya-mango-ice-high-voltage-20-ml.jpg');
INSERT INTO product (store_id, barcode, name, milliliters, category, sub_category, purchase_price, retail_price, description, image_url) VALUES ('PUFF_STORE', '8051234500056', 'Gelée Papaya Mango Ice High Voltage Flavourart Liquido Shot 20ml', 10, 'LIQUIDO', 'MINI_SHOT_10_10', 10.14, 16.9, 'Gelée Papaya Mango Ice High Voltage Flavourart Liquido Shot 20ml', 'https://www.svapoebasta.com/92188-thickbox_default/gelee-papaya-mango-ice-high-voltage-20-ml.jpg');
INSERT INTO product (store_id, barcode, name, milliliters, category, sub_category, purchase_price, retail_price, description, image_url) VALUES ('PROFESSIONAL_VAPE', '8051234500057', 'Gelée Ciliegia Ribes Ice High Voltage Flavourart Liquido Shot 20ml', 10, 'LIQUIDO', 'MINI_SHOT_10_10', 10.14, 16.9, 'Gelée Ciliegia Ribes Ice High Voltage Flavourart Liquido Shot 20ml', 'https://www.svapoebasta.com/92168-thickbox_default/gelee-ciliegia-ribes-ice-high-voltage-20-ml.jpg');
INSERT INTO product (store_id, barcode, name, milliliters, category, sub_category, purchase_price, retail_price, description, image_url) VALUES ('PUFF_STORE', '8051234500057', 'Gelée Ciliegia Ribes Ice High Voltage Flavourart Liquido Shot 20ml', 10, 'LIQUIDO', 'MINI_SHOT_10_10', 10.14, 16.9, 'Gelée Ciliegia Ribes Ice High Voltage Flavourart Liquido Shot 20ml', 'https://www.svapoebasta.com/92168-thickbox_default/gelee-ciliegia-ribes-ice-high-voltage-20-ml.jpg');
INSERT INTO product (store_id, barcode, name, milliliters, category, sub_category, purchase_price, retail_price, description, image_url) VALUES ('PROFESSIONAL_VAPE', '8051234500058', 'Gelée Pesca Albicocca Ice High Voltage Flavourart Liquido Shot 20ml', 10, 'LIQUIDO', 'MINI_SHOT_10_10', 10.14, 16.9, 'Gelée Pesca Albicocca Ice High Voltage Flavourart Liquido Shot 20ml', 'https://www.svapoebasta.com/92170-thickbox_default/gelee-pesca-albicocca-ice-high-voltage-20-ml.jpg');
INSERT INTO product (store_id, barcode, name, milliliters, category, sub_category, purchase_price, retail_price, description, image_url) VALUES ('PUFF_STORE', '8051234500058', 'Gelée Pesca Albicocca Ice High Voltage Flavourart Liquido Shot 20ml', 10, 'LIQUIDO', 'MINI_SHOT_10_10', 10.14, 16.9, 'Gelée Pesca Albicocca Ice High Voltage Flavourart Liquido Shot 20ml', 'https://www.svapoebasta.com/92170-thickbox_default/gelee-pesca-albicocca-ice-high-voltage-20-ml.jpg');
INSERT INTO product (store_id, barcode, name, milliliters, category, sub_category, purchase_price, retail_price, description, image_url) VALUES ('PROFESSIONAL_VAPE', '8051234500059', 'Gelée Fragola Banana Ice High Voltage Flavourart Liquido Shot 20ml', 10, 'LIQUIDO', 'MINI_SHOT_10_10', 10.14, 16.9, 'Gelée Fragola Banana Ice High Voltage Flavourart Liquido Shot 20ml', 'https://www.svapoebasta.com/92172-thickbox_default/gelee-fragola-banana-ice-high-voltage-20-ml.jpg');
INSERT INTO product (store_id, barcode, name, milliliters, category, sub_category, purchase_price, retail_price, description, image_url) VALUES ('PUFF_STORE', '8051234500059', 'Gelée Fragola Banana Ice High Voltage Flavourart Liquido Shot 20ml', 10, 'LIQUIDO', 'MINI_SHOT_10_10', 10.14, 16.9, 'Gelée Fragola Banana Ice High Voltage Flavourart Liquido Shot 20ml', 'https://www.svapoebasta.com/92172-thickbox_default/gelee-fragola-banana-ice-high-voltage-20-ml.jpg');
INSERT INTO product (store_id, barcode, name, milliliters, category, sub_category, purchase_price, retail_price, description, image_url) VALUES ('PROFESSIONAL_VAPE', '8051234500060', 'Nicotina Svaponext 50VG 50PG Base Neutra 10ml', 10, 'LIQUIDO', 'NICOTINE_SHOT', 1.74, 2.9, 'Nicotina Svaponext 50VG 50PG Base Neutra 10ml', 'https://www.svapoebasta.com/86267-thickbox_default/50-vg-50-pg-10-ml.jpg');
INSERT INTO product (store_id, barcode, name, milliliters, category, sub_category, purchase_price, retail_price, description, image_url) VALUES ('PUFF_STORE', '8051234500060', 'Nicotina Svaponext 50VG 50PG Base Neutra 10ml', 10, 'LIQUIDO', 'NICOTINE_SHOT', 1.74, 2.9, 'Nicotina Svaponext 50VG 50PG Base Neutra 10ml', 'https://www.svapoebasta.com/86267-thickbox_default/50-vg-50-pg-10-ml.jpg');
INSERT INTO product (store_id, barcode, name, milliliters, category, sub_category, purchase_price, retail_price, description, image_url) VALUES ('PROFESSIONAL_VAPE', '8051234500061', 'Sali di Nicotina Svaponext Base Neutra Full VG 10ml', 10, 'LIQUIDO', 'NICOTINE_SHOT', 1.74, 2.9, 'Sali di Nicotina Svaponext Base Neutra Full VG 10ml', 'https://www.svapoebasta.com/86271-thickbox_default/sali-full-vg-10-ml.jpg');
INSERT INTO product (store_id, barcode, name, milliliters, category, sub_category, purchase_price, retail_price, description, image_url) VALUES ('PUFF_STORE', '8051234500061', 'Sali di Nicotina Svaponext Base Neutra Full VG 10ml', 10, 'LIQUIDO', 'NICOTINE_SHOT', 1.74, 2.9, 'Sali di Nicotina Svaponext Base Neutra Full VG 10ml', 'https://www.svapoebasta.com/86271-thickbox_default/sali-full-vg-10-ml.jpg');
INSERT INTO product (store_id, barcode, name, milliliters, category, sub_category, purchase_price, retail_price, description, image_url) VALUES ('PROFESSIONAL_VAPE', '8051234500062', 'Nicotina Full VG Svaponext Base Neutra 10ml', 10, 'LIQUIDO', 'NICOTINE_SHOT', 1.74, 2.9, 'Nicotina Full VG Svaponext Base Neutra 10ml', 'https://www.svapoebasta.com/86278-thickbox_default/full-vg-10ml.jpg');
INSERT INTO product (store_id, barcode, name, milliliters, category, sub_category, purchase_price, retail_price, description, image_url) VALUES ('PUFF_STORE', '8051234500062', 'Nicotina Full VG Svaponext Base Neutra 10ml', 10, 'LIQUIDO', 'NICOTINE_SHOT', 1.74, 2.9, 'Nicotina Full VG Svaponext Base Neutra 10ml', 'https://www.svapoebasta.com/86278-thickbox_default/full-vg-10ml.jpg');
INSERT INTO product (store_id, barcode, name, milliliters, category, sub_category, purchase_price, retail_price, description, image_url) VALUES ('PROFESSIONAL_VAPE', '8051234500063', 'Sali di Nicotina 70VG 30PG 20mgml Suprem-e Base Neutra 10ml', 10, 'LIQUIDO', 'NICOTINE_SHOT', 1.92, 3.2, 'Sali di Nicotina 70VG 30PG 20mgml Suprem-e Base Neutra 10ml', 'https://www.svapoebasta.com/81922-thickbox_default/sali-70-vg-30-pg-10-ml.jpg');
INSERT INTO product (store_id, barcode, name, milliliters, category, sub_category, purchase_price, retail_price, description, image_url) VALUES ('PUFF_STORE', '8051234500063', 'Sali di Nicotina 70VG 30PG 20mgml Suprem-e Base Neutra 10ml', 10, 'LIQUIDO', 'NICOTINE_SHOT', 1.92, 3.2, 'Sali di Nicotina 70VG 30PG 20mgml Suprem-e Base Neutra 10ml', 'https://www.svapoebasta.com/81922-thickbox_default/sali-70-vg-30-pg-10-ml.jpg');
INSERT INTO product (store_id, barcode, name, milliliters, category, sub_category, purchase_price, retail_price, description, image_url) VALUES ('PROFESSIONAL_VAPE', '8051234500064', 'Sali di Nicotina 90VG 10PG Suprem-e Base Neutra 10ml', 10, 'LIQUIDO', 'NICOTINE_SHOT', 1.92, 3.2, 'Sali di Nicotina 90VG 10PG Suprem-e Base Neutra 10ml', 'https://www.svapoebasta.com/81918-thickbox_default/sali-90-vg-10-pg-10-ml.jpg');
INSERT INTO product (store_id, barcode, name, milliliters, category, sub_category, purchase_price, retail_price, description, image_url) VALUES ('PUFF_STORE', '8051234500064', 'Sali di Nicotina 90VG 10PG Suprem-e Base Neutra 10ml', 10, 'LIQUIDO', 'NICOTINE_SHOT', 1.92, 3.2, 'Sali di Nicotina 90VG 10PG Suprem-e Base Neutra 10ml', 'https://www.svapoebasta.com/81918-thickbox_default/sali-90-vg-10-pg-10-ml.jpg');
INSERT INTO product (store_id, barcode, name, milliliters, category, sub_category, purchase_price, retail_price, description, image_url) VALUES ('PROFESSIONAL_VAPE', '8051234500065', 'Sali di Nicotina 50VG 50PG 20mgml Suprem-e Base Neutra 10ml', 10, 'LIQUIDO', 'NICOTINE_SHOT', 1.92, 3.2, 'Sali di Nicotina 50VG 50PG 20mgml Suprem-e Base Neutra 10ml', 'https://www.svapoebasta.com/81923-thickbox_default/sali-50-vg-50-pg-10-ml.jpg');
INSERT INTO product (store_id, barcode, name, milliliters, category, sub_category, purchase_price, retail_price, description, image_url) VALUES ('PUFF_STORE', '8051234500065', 'Sali di Nicotina 50VG 50PG 20mgml Suprem-e Base Neutra 10ml', 10, 'LIQUIDO', 'NICOTINE_SHOT', 1.92, 3.2, 'Sali di Nicotina 50VG 50PG 20mgml Suprem-e Base Neutra 10ml', 'https://www.svapoebasta.com/81923-thickbox_default/sali-50-vg-50-pg-10-ml.jpg');
INSERT INTO product (store_id, barcode, name, milliliters, category, sub_category, purchase_price, retail_price, description, image_url) VALUES ('PROFESSIONAL_VAPE', '8051234500066', 'Nicotina Ice TNT Vape 50VG 50PG Base Neutra 10ml Ghiaccio', 10, 'LIQUIDO', 'NICOTINE_SHOT', 1.92, 3.2, 'Nicotina Ice TNT Vape 50VG 50PG Base Neutra 10ml Ghiaccio', 'https://www.svapoebasta.com/80492-thickbox_default/ice-50-vg-50-pg-10-ml.jpg');
INSERT INTO product (store_id, barcode, name, milliliters, category, sub_category, purchase_price, retail_price, description, image_url) VALUES ('PUFF_STORE', '8051234500066', 'Nicotina Ice TNT Vape 50VG 50PG Base Neutra 10ml Ghiaccio', 10, 'LIQUIDO', 'NICOTINE_SHOT', 1.92, 3.2, 'Nicotina Ice TNT Vape 50VG 50PG Base Neutra 10ml Ghiaccio', 'https://www.svapoebasta.com/80492-thickbox_default/ice-50-vg-50-pg-10-ml.jpg');
INSERT INTO product (store_id, barcode, name, milliliters, category, sub_category, purchase_price, retail_price, description, image_url) VALUES ('PROFESSIONAL_VAPE', '8051234500067', 'Thunder Vape basetta Nicotina 50-50', 10, 'LIQUIDO', 'NICOTINE_SHOT', 1.74, 2.9, 'Thunder Vape basetta Nicotina 50-50', 'https://www.svapoebasta.com/76176-thickbox_default/50-vg-50-pg-10-ml.jpg');
INSERT INTO product (store_id, barcode, name, milliliters, category, sub_category, purchase_price, retail_price, description, image_url) VALUES ('PUFF_STORE', '8051234500067', 'Thunder Vape basetta Nicotina 50-50', 10, 'LIQUIDO', 'NICOTINE_SHOT', 1.74, 2.9, 'Thunder Vape basetta Nicotina 50-50', 'https://www.svapoebasta.com/76176-thickbox_default/50-vg-50-pg-10-ml.jpg');
INSERT INTO product (store_id, barcode, name, milliliters, category, sub_category, purchase_price, retail_price, description, image_url) VALUES ('PROFESSIONAL_VAPE', '8051234500068', 'Thunder Vape basetta Nicotina 70-30', 10, 'LIQUIDO', 'NICOTINE_SHOT', 1.74, 2.9, 'Thunder Vape basetta Nicotina 70-30', 'https://www.svapoebasta.com/76182-thickbox_default/70-vg-30-pg-10-ml.jpg');
INSERT INTO product (store_id, barcode, name, milliliters, category, sub_category, purchase_price, retail_price, description, image_url) VALUES ('PUFF_STORE', '8051234500068', 'Thunder Vape basetta Nicotina 70-30', 10, 'LIQUIDO', 'NICOTINE_SHOT', 1.74, 2.9, 'Thunder Vape basetta Nicotina 70-30', 'https://www.svapoebasta.com/76182-thickbox_default/70-vg-30-pg-10-ml.jpg');
INSERT INTO product (store_id, barcode, name, milliliters, category, sub_category, purchase_price, retail_price, description, image_url) VALUES ('PROFESSIONAL_VAPE', '8051234500069', 'Nicotina Full VG 20mgml Thunder Vape Base', 10, 'LIQUIDO', 'NICOTINE_SHOT', 1.74, 2.9, 'Nicotina Full VG 20mgml Thunder Vape Base', 'https://www.svapoebasta.com/76188-thickbox_default/full-vg-10ml.jpg');
INSERT INTO product (store_id, barcode, name, milliliters, category, sub_category, purchase_price, retail_price, description, image_url) VALUES ('PUFF_STORE', '8051234500069', 'Nicotina Full VG 20mgml Thunder Vape Base', 10, 'LIQUIDO', 'NICOTINE_SHOT', 1.74, 2.9, 'Nicotina Full VG 20mgml Thunder Vape Base', 'https://www.svapoebasta.com/76188-thickbox_default/full-vg-10ml.jpg');
INSERT INTO product (store_id, barcode, name, milliliters, category, sub_category, purchase_price, retail_price, description, image_url) VALUES ('PROFESSIONAL_VAPE', '8051234500070', 'Nicotina Full PG 20mgml Thunder Vape Base Neutra 10ml', 10, 'LIQUIDO', 'NICOTINE_SHOT', 1.74, 2.9, 'Nicotina Full PG 20mgml Thunder Vape Base Neutra 10ml', 'https://www.svapoebasta.com/76195-thickbox_default/full-pg-10ml.jpg');
INSERT INTO product (store_id, barcode, name, milliliters, category, sub_category, purchase_price, retail_price, description, image_url) VALUES ('PUFF_STORE', '8051234500070', 'Nicotina Full PG 20mgml Thunder Vape Base Neutra 10ml', 10, 'LIQUIDO', 'NICOTINE_SHOT', 1.74, 2.9, 'Nicotina Full PG 20mgml Thunder Vape Base Neutra 10ml', 'https://www.svapoebasta.com/76195-thickbox_default/full-pg-10ml.jpg');
INSERT INTO product (store_id, barcode, name, milliliters, category, sub_category, purchase_price, retail_price, description, image_url) VALUES ('PROFESSIONAL_VAPE', '8051234500071', 'Nicotina Valkiria 50VG 50PG Base Neutra 10ml', 10, 'LIQUIDO', 'NICOTINE_SHOT', 1.74, 2.9, 'Nicotina Valkiria 50VG 50PG Base Neutra 10ml', 'https://www.svapoebasta.com/75162-thickbox_default/50-vg-50-pg-10-ml.jpg');
INSERT INTO product (store_id, barcode, name, milliliters, category, sub_category, purchase_price, retail_price, description, image_url) VALUES ('PUFF_STORE', '8051234500071', 'Nicotina Valkiria 50VG 50PG Base Neutra 10ml', 10, 'LIQUIDO', 'NICOTINE_SHOT', 1.74, 2.9, 'Nicotina Valkiria 50VG 50PG Base Neutra 10ml', 'https://www.svapoebasta.com/75162-thickbox_default/50-vg-50-pg-10-ml.jpg');
INSERT INTO product (store_id, barcode, name, milliliters, category, sub_category, purchase_price, retail_price, description, image_url) VALUES ('PROFESSIONAL_VAPE', '8051234500072', 'Nicotina Valkiria 70VG 30PG Base Neutra 10ml', 10, 'LIQUIDO', 'NICOTINE_SHOT', 1.74, 2.9, 'Nicotina Valkiria 70VG 30PG Base Neutra 10ml', 'https://www.svapoebasta.com/75161-thickbox_default/70-vg-30-pg-10-ml.jpg');
INSERT INTO product (store_id, barcode, name, milliliters, category, sub_category, purchase_price, retail_price, description, image_url) VALUES ('PUFF_STORE', '8051234500072', 'Nicotina Valkiria 70VG 30PG Base Neutra 10ml', 10, 'LIQUIDO', 'NICOTINE_SHOT', 1.74, 2.9, 'Nicotina Valkiria 70VG 30PG Base Neutra 10ml', 'https://www.svapoebasta.com/75161-thickbox_default/70-vg-30-pg-10-ml.jpg');
INSERT INTO product (store_id, barcode, name, milliliters, category, sub_category, purchase_price, retail_price, description, image_url) VALUES ('PROFESSIONAL_VAPE', '8051234500073', 'Nicotina Valkiria Full PG 10ml', 10, 'LIQUIDO', 'NICOTINE_SHOT', 1.74, 2.9, 'Nicotina Valkiria Full PG 10ml', 'https://www.svapoebasta.com/75070-thickbox_default/full-pg-10-ml.jpg');
INSERT INTO product (store_id, barcode, name, milliliters, category, sub_category, purchase_price, retail_price, description, image_url) VALUES ('PUFF_STORE', '8051234500073', 'Nicotina Valkiria Full PG 10ml', 10, 'LIQUIDO', 'NICOTINE_SHOT', 1.74, 2.9, 'Nicotina Valkiria Full PG 10ml', 'https://www.svapoebasta.com/75070-thickbox_default/full-pg-10-ml.jpg');
INSERT INTO product (store_id, barcode, name, milliliters, category, sub_category, purchase_price, retail_price, description, image_url) VALUES ('PROFESSIONAL_VAPE', '8051234500074', 'Nic Salt Valkiria Base Neutra 50VG 50PG Sali di Nicotina 20 mg ml', 10, 'LIQUIDO', 'NICOTINE_SHOT', 1.74, 2.9, 'Nic Salt Valkiria Base Neutra 50VG 50PG Sali di Nicotina 20 mg ml', 'https://www.svapoebasta.com/75102-thickbox_default/sali-50-vg-50-pg-10-ml.jpg');
INSERT INTO product (store_id, barcode, name, milliliters, category, sub_category, purchase_price, retail_price, description, image_url) VALUES ('PUFF_STORE', '8051234500074', 'Nic Salt Valkiria Base Neutra 50VG 50PG Sali di Nicotina 20 mg ml', 10, 'LIQUIDO', 'NICOTINE_SHOT', 1.74, 2.9, 'Nic Salt Valkiria Base Neutra 50VG 50PG Sali di Nicotina 20 mg ml', 'https://www.svapoebasta.com/75102-thickbox_default/sali-50-vg-50-pg-10-ml.jpg');
INSERT INTO product (store_id, barcode, name, milliliters, category, sub_category, purchase_price, retail_price, description, image_url) VALUES ('PROFESSIONAL_VAPE', '8051234500075', 'Tubino DNA Pod Mod Kit 1300mAh', NULL, 'HARDWARE', 'STARTER_KIT', 33.0, 55.0, 'Tubino DNA Pod Mod Kit 1300mAh', 'https://www.svapoebasta.com/92121-thickbox_default/tubino-dna-kit.jpg');
INSERT INTO product (store_id, barcode, name, milliliters, category, sub_category, purchase_price, retail_price, description, image_url) VALUES ('PUFF_STORE', '8051234500075', 'Tubino DNA Pod Mod Kit 1300mAh', NULL, 'HARDWARE', 'STARTER_KIT', 33.0, 55.0, 'Tubino DNA Pod Mod Kit 1300mAh', 'https://www.svapoebasta.com/92121-thickbox_default/tubino-dna-kit.jpg');
INSERT INTO product (store_id, barcode, name, milliliters, category, sub_category, purchase_price, retail_price, description, image_url) VALUES ('PROFESSIONAL_VAPE', '8051234500076', 'Cyber G Slim DTE Aspire Pod Mod Kit 1200mAh', NULL, 'HARDWARE', 'STARTER_KIT', 8.94, 14.9, 'Cyber G Slim DTE Aspire Pod Mod Kit 1200mAh', 'https://www.svapoebasta.com/91863-thickbox_default/cyber-g-slim-dte-kit.jpg');
INSERT INTO product (store_id, barcode, name, milliliters, category, sub_category, purchase_price, retail_price, description, image_url) VALUES ('PUFF_STORE', '8051234500076', 'Cyber G Slim DTE Aspire Pod Mod Kit 1200mAh', NULL, 'HARDWARE', 'STARTER_KIT', 8.94, 14.9, 'Cyber G Slim DTE Aspire Pod Mod Kit 1200mAh', 'https://www.svapoebasta.com/91863-thickbox_default/cyber-g-slim-dte-kit.jpg');
INSERT INTO product (store_id, barcode, name, milliliters, category, sub_category, purchase_price, retail_price, description, image_url) VALUES ('PROFESSIONAL_VAPE', '8051234500077', 'Thelema Solo 100W Pro Lost Vape Box Mod', NULL, 'HARDWARE', 'STARTER_KIT', 19.5, 32.5, 'Thelema Solo 100W Pro Lost Vape Box Mod', 'https://www.svapoebasta.com/91316-thickbox_default/thelema-solo-100-w-pro-box-mod.jpg');
INSERT INTO product (store_id, barcode, name, milliliters, category, sub_category, purchase_price, retail_price, description, image_url) VALUES ('PUFF_STORE', '8051234500077', 'Thelema Solo 100W Pro Lost Vape Box Mod', NULL, 'HARDWARE', 'STARTER_KIT', 19.5, 32.5, 'Thelema Solo 100W Pro Lost Vape Box Mod', 'https://www.svapoebasta.com/91316-thickbox_default/thelema-solo-100-w-pro-box-mod.jpg');
INSERT INTO product (store_id, barcode, name, milliliters, category, sub_category, purchase_price, retail_price, description, image_url) VALUES ('PROFESSIONAL_VAPE', '8051234500078', 'Argus G4 Mini Voopoo Pod Mod Kit 1650mAh', NULL, 'HARDWARE', 'STARTER_KIT', 8.34, 13.9, 'Argus G4 Mini Voopoo Pod Mod Kit 1650mAh', 'https://www.svapoebasta.com/91197-thickbox_default/argus-g4-mini-kit.jpg');
INSERT INTO product (store_id, barcode, name, milliliters, category, sub_category, purchase_price, retail_price, description, image_url) VALUES ('PUFF_STORE', '8051234500078', 'Argus G4 Mini Voopoo Pod Mod Kit 1650mAh', NULL, 'HARDWARE', 'STARTER_KIT', 8.34, 13.9, 'Argus G4 Mini Voopoo Pod Mod Kit 1650mAh', 'https://www.svapoebasta.com/91197-thickbox_default/argus-g4-mini-kit.jpg');
INSERT INTO product (store_id, barcode, name, milliliters, category, sub_category, purchase_price, retail_price, description, image_url) VALUES ('PROFESSIONAL_VAPE', '8051234500079', 'Xros 6 Vaporesso Pod Mod Kit 1800mAh', NULL, 'HARDWARE', 'STARTER_KIT', 13.74, 22.9, 'Xros 6 Vaporesso Pod Mod Kit 1800mAh', 'https://www.svapoebasta.com/91219-thickbox_default/xros-6-kit.jpg');
INSERT INTO product (store_id, barcode, name, milliliters, category, sub_category, purchase_price, retail_price, description, image_url) VALUES ('PUFF_STORE', '8051234500079', 'Xros 6 Vaporesso Pod Mod Kit 1800mAh', NULL, 'HARDWARE', 'STARTER_KIT', 13.74, 22.9, 'Xros 6 Vaporesso Pod Mod Kit 1800mAh', 'https://www.svapoebasta.com/91219-thickbox_default/xros-6-kit.jpg');
INSERT INTO product (store_id, barcode, name, milliliters, category, sub_category, purchase_price, retail_price, description, image_url) VALUES ('PROFESSIONAL_VAPE', '8051234500080', 'Xros 6 Mini Vaporesso Pod Mod Kit 1600mAh', NULL, 'HARDWARE', 'STARTER_KIT', 8.94, 14.9, 'Xros 6 Mini Vaporesso Pod Mod Kit 1600mAh', 'https://www.svapoebasta.com/91245-thickbox_default/xros-6-mini-kit.jpg');
INSERT INTO product (store_id, barcode, name, milliliters, category, sub_category, purchase_price, retail_price, description, image_url) VALUES ('PUFF_STORE', '8051234500080', 'Xros 6 Mini Vaporesso Pod Mod Kit 1600mAh', NULL, 'HARDWARE', 'STARTER_KIT', 8.94, 14.9, 'Xros 6 Mini Vaporesso Pod Mod Kit 1600mAh', 'https://www.svapoebasta.com/91245-thickbox_default/xros-6-mini-kit.jpg');
INSERT INTO product (store_id, barcode, name, milliliters, category, sub_category, purchase_price, retail_price, description, image_url) VALUES ('PROFESSIONAL_VAPE', '8051234500081', 'Centaurus Q200 Pro Lost Vape Kit Completo 200W', NULL, 'HARDWARE', 'STARTER_KIT', 31.14, 51.9, 'Centaurus Q200 Pro Lost Vape Kit Completo 200W', 'https://www.svapoebasta.com/91268-thickbox_default/centaurus-q-200-pro-kit.jpg');
INSERT INTO product (store_id, barcode, name, milliliters, category, sub_category, purchase_price, retail_price, description, image_url) VALUES ('PUFF_STORE', '8051234500081', 'Centaurus Q200 Pro Lost Vape Kit Completo 200W', NULL, 'HARDWARE', 'STARTER_KIT', 31.14, 51.9, 'Centaurus Q200 Pro Lost Vape Kit Completo 200W', 'https://www.svapoebasta.com/91268-thickbox_default/centaurus-q-200-pro-kit.jpg');
INSERT INTO product (store_id, barcode, name, milliliters, category, sub_category, purchase_price, retail_price, description, image_url) VALUES ('PROFESSIONAL_VAPE', '8051234500082', 'Centaurus Q200 Pro Lost Vape Box Mod 200W', NULL, 'HARDWARE', 'STARTER_KIT', 20.34, 33.9, 'Centaurus Q200 Pro Lost Vape Box Mod 200W', 'https://www.svapoebasta.com/91284-thickbox_default/centaurus-q-200-box-mod.jpg');
INSERT INTO product (store_id, barcode, name, milliliters, category, sub_category, purchase_price, retail_price, description, image_url) VALUES ('PUFF_STORE', '8051234500082', 'Centaurus Q200 Pro Lost Vape Box Mod 200W', NULL, 'HARDWARE', 'STARTER_KIT', 20.34, 33.9, 'Centaurus Q200 Pro Lost Vape Box Mod 200W', 'https://www.svapoebasta.com/91284-thickbox_default/centaurus-q-200-box-mod.jpg');
INSERT INTO product (store_id, barcode, name, milliliters, category, sub_category, purchase_price, retail_price, description, image_url) VALUES ('PROFESSIONAL_VAPE', '8051234500083', 'Thelema Solo 100W Pro Lost Vape Kit Completo', NULL, 'HARDWARE', 'STARTER_KIT', 29.94, 49.9, 'Thelema Solo 100W Pro Lost Vape Kit Completo', 'https://www.svapoebasta.com/91302-thickbox_default/thelema-solo-100-w-pro-kit.jpg');
INSERT INTO product (store_id, barcode, name, milliliters, category, sub_category, purchase_price, retail_price, description, image_url) VALUES ('PUFF_STORE', '8051234500083', 'Thelema Solo 100W Pro Lost Vape Kit Completo', NULL, 'HARDWARE', 'STARTER_KIT', 29.94, 49.9, 'Thelema Solo 100W Pro Lost Vape Kit Completo', 'https://www.svapoebasta.com/91302-thickbox_default/thelema-solo-100-w-pro-kit.jpg');
INSERT INTO product (store_id, barcode, name, milliliters, category, sub_category, purchase_price, retail_price, description, image_url) VALUES ('PROFESSIONAL_VAPE', '8051234500084', 'Argus G4 Voopoo Pod Mod Kit 1650mAh', NULL, 'HARDWARE', 'STARTER_KIT', 13.14, 21.9, 'Argus G4 Voopoo Pod Mod Kit 1650mAh', 'https://www.svapoebasta.com/91167-thickbox_default/argus-g4-kit.jpg');
INSERT INTO product (store_id, barcode, name, milliliters, category, sub_category, purchase_price, retail_price, description, image_url) VALUES ('PUFF_STORE', '8051234500084', 'Argus G4 Voopoo Pod Mod Kit 1650mAh', NULL, 'HARDWARE', 'STARTER_KIT', 13.14, 21.9, 'Argus G4 Voopoo Pod Mod Kit 1650mAh', 'https://www.svapoebasta.com/91167-thickbox_default/argus-g4-kit.jpg');
INSERT INTO product (store_id, barcode, name, milliliters, category, sub_category, purchase_price, retail_price, description, image_url) VALUES ('PROFESSIONAL_VAPE', '8051234500085', 'Nexlim Go Oxva Pod Mod Kit 1800mAh', NULL, 'HARDWARE', 'STARTER_KIT', 9.54, 15.9, 'Nexlim Go Oxva Pod Mod Kit 1800mAh', 'https://www.svapoebasta.com/90734-thickbox_default/nexlim-go-kit.jpg');
INSERT INTO product (store_id, barcode, name, milliliters, category, sub_category, purchase_price, retail_price, description, image_url) VALUES ('PUFF_STORE', '8051234500085', 'Nexlim Go Oxva Pod Mod Kit 1800mAh', NULL, 'HARDWARE', 'STARTER_KIT', 9.54, 15.9, 'Nexlim Go Oxva Pod Mod Kit 1800mAh', 'https://www.svapoebasta.com/90734-thickbox_default/nexlim-go-kit.jpg');
INSERT INTO product (store_id, barcode, name, milliliters, category, sub_category, purchase_price, retail_price, description, image_url) VALUES ('PROFESSIONAL_VAPE', '8051234500086', 'Kiwi Spark 2 Pro Pod Mod Kit 1400mAh', NULL, 'HARDWARE', 'STARTER_KIT', 18.0, 30.0, 'Kiwi Spark 2 Pro Pod Mod Kit 1400mAh', 'https://www.svapoebasta.com/90537-thickbox_default/kiwi-spark-2-pro-kit.jpg');
INSERT INTO product (store_id, barcode, name, milliliters, category, sub_category, purchase_price, retail_price, description, image_url) VALUES ('PUFF_STORE', '8051234500086', 'Kiwi Spark 2 Pro Pod Mod Kit 1400mAh', NULL, 'HARDWARE', 'STARTER_KIT', 18.0, 30.0, 'Kiwi Spark 2 Pro Pod Mod Kit 1400mAh', 'https://www.svapoebasta.com/90537-thickbox_default/kiwi-spark-2-pro-kit.jpg');
INSERT INTO product (store_id, barcode, name, milliliters, category, sub_category, purchase_price, retail_price, description, image_url) VALUES ('PROFESSIONAL_VAPE', '8051234500087', 'ELFA Turbo Pro Elfbar Ricaricabile Pod Mod Kit 1200mAh', NULL, 'HARDWARE', 'STARTER_KIT', 7.74, 12.9, 'ELFA Turbo Pro Elfbar Ricaricabile Pod Mod Kit 1200mAh', 'https://www.svapoebasta.com/90565-thickbox_default/elfa-turbo-pro-kit.jpg');
INSERT INTO product (store_id, barcode, name, milliliters, category, sub_category, purchase_price, retail_price, description, image_url) VALUES ('PUFF_STORE', '8051234500087', 'ELFA Turbo Pro Elfbar Ricaricabile Pod Mod Kit 1200mAh', NULL, 'HARDWARE', 'STARTER_KIT', 7.74, 12.9, 'ELFA Turbo Pro Elfbar Ricaricabile Pod Mod Kit 1200mAh', 'https://www.svapoebasta.com/90565-thickbox_default/elfa-turbo-pro-kit.jpg');
INSERT INTO product (store_id, barcode, name, milliliters, category, sub_category, purchase_price, retail_price, description, image_url) VALUES ('PROFESSIONAL_VAPE', '8051234500088', 'Kiwi Spark 2 Pod Mod Kit 800mAh', NULL, 'HARDWARE', 'STARTER_KIT', 10.8, 18.0, 'Kiwi Spark 2 Pod Mod Kit 800mAh', 'https://www.svapoebasta.com/90525-thickbox_default/kiwi-spark-2-kit.jpg');
INSERT INTO product (store_id, barcode, name, milliliters, category, sub_category, purchase_price, retail_price, description, image_url) VALUES ('PUFF_STORE', '8051234500088', 'Kiwi Spark 2 Pod Mod Kit 800mAh', NULL, 'HARDWARE', 'STARTER_KIT', 10.8, 18.0, 'Kiwi Spark 2 Pod Mod Kit 800mAh', 'https://www.svapoebasta.com/90525-thickbox_default/kiwi-spark-2-kit.jpg');
INSERT INTO product (store_id, barcode, name, milliliters, category, sub_category, purchase_price, retail_price, description, image_url) VALUES ('PROFESSIONAL_VAPE', '8051234500089', 'Loomix Aspire Pod Mod Kit 1500mAh', NULL, 'HARDWARE', 'STARTER_KIT', 10.74, 17.9, 'Loomix Aspire Pod Mod Kit 1500mAh', 'https://www.svapoebasta.com/90340-thickbox_default/loomix-kit.jpg');
INSERT INTO product (store_id, barcode, name, milliliters, category, sub_category, purchase_price, retail_price, description, image_url) VALUES ('PUFF_STORE', '8051234500089', 'Loomix Aspire Pod Mod Kit 1500mAh', NULL, 'HARDWARE', 'STARTER_KIT', 10.74, 17.9, 'Loomix Aspire Pod Mod Kit 1500mAh', 'https://www.svapoebasta.com/90340-thickbox_default/loomix-kit.jpg');
INSERT INTO product (store_id, barcode, name, milliliters, category, sub_category, purchase_price, retail_price, description, image_url) VALUES ('PROFESSIONAL_VAPE', '8051234500090', 'Blaze MTL RTA Thunder Cloud x Mike Vapes Atomizzatore', NULL, 'HARDWARE', 'ATOMIZER_NON_RTA', 28.14, 46.9, 'Blaze MTL RTA Thunder Cloud x Mike Vapes Atomizzatore', 'https://www.svapoebasta.com/90806-thickbox_default/blaze-mtl-rta.jpg');
INSERT INTO product (store_id, barcode, name, milliliters, category, sub_category, purchase_price, retail_price, description, image_url) VALUES ('PUFF_STORE', '8051234500090', 'Blaze MTL RTA Thunder Cloud x Mike Vapes Atomizzatore', NULL, 'HARDWARE', 'ATOMIZER_NON_RTA', 28.14, 46.9, 'Blaze MTL RTA Thunder Cloud x Mike Vapes Atomizzatore', 'https://www.svapoebasta.com/90806-thickbox_default/blaze-mtl-rta.jpg');
INSERT INTO product (store_id, barcode, name, milliliters, category, sub_category, purchase_price, retail_price, description, image_url) VALUES ('PROFESSIONAL_VAPE', '8051234500091', 'DotTank V2 Max DotMod Atomizzatore 25mm', NULL, 'HARDWARE', 'ATOMIZER_NON_RTA', 16.74, 27.9, 'DotTank V2 Max DotMod Atomizzatore 25mm', 'https://www.svapoebasta.com/89674-thickbox_default/dottank-max-v2.jpg');
INSERT INTO product (store_id, barcode, name, milliliters, category, sub_category, purchase_price, retail_price, description, image_url) VALUES ('PUFF_STORE', '8051234500091', 'DotTank V2 Max DotMod Atomizzatore 25mm', NULL, 'HARDWARE', 'ATOMIZER_NON_RTA', 16.74, 27.9, 'DotTank V2 Max DotMod Atomizzatore 25mm', 'https://www.svapoebasta.com/89674-thickbox_default/dottank-max-v2.jpg');
INSERT INTO product (store_id, barcode, name, milliliters, category, sub_category, purchase_price, retail_price, description, image_url) VALUES ('PROFESSIONAL_VAPE', '8051234500092', 'Uforce-X 2 Tank Voopoo Atomizzatore 26mm', NULL, 'HARDWARE', 'ATOMIZER_NON_RTA', 12.54, 20.9, 'Uforce-X 2 Tank Voopoo Atomizzatore 26mm', 'https://www.svapoebasta.com/89429-thickbox_default/uforce-x-tank-2.jpg');
INSERT INTO product (store_id, barcode, name, milliliters, category, sub_category, purchase_price, retail_price, description, image_url) VALUES ('PUFF_STORE', '8051234500092', 'Uforce-X 2 Tank Voopoo Atomizzatore 26mm', NULL, 'HARDWARE', 'ATOMIZER_NON_RTA', 12.54, 20.9, 'Uforce-X 2 Tank Voopoo Atomizzatore 26mm', 'https://www.svapoebasta.com/89429-thickbox_default/uforce-x-tank-2.jpg');
INSERT INTO product (store_id, barcode, name, milliliters, category, sub_category, purchase_price, retail_price, description, image_url) VALUES ('PROFESSIONAL_VAPE', '8051234500093', 'Z Nano 3 Geekvape Atomizzatore 28mm', NULL, 'HARDWARE', 'ATOMIZER_NON_RTA', 10.74, 17.9, 'Z Nano 3 Geekvape Atomizzatore 28mm', 'https://www.svapoebasta.com/88051-thickbox_default/z-nano-3-tank.jpg');
INSERT INTO product (store_id, barcode, name, milliliters, category, sub_category, purchase_price, retail_price, description, image_url) VALUES ('PUFF_STORE', '8051234500093', 'Z Nano 3 Geekvape Atomizzatore 28mm', NULL, 'HARDWARE', 'ATOMIZER_NON_RTA', 10.74, 17.9, 'Z Nano 3 Geekvape Atomizzatore 28mm', 'https://www.svapoebasta.com/88051-thickbox_default/z-nano-3-tank.jpg');
INSERT INTO product (store_id, barcode, name, milliliters, category, sub_category, purchase_price, retail_price, description, image_url) VALUES ('PROFESSIONAL_VAPE', '8051234500094', 'Z Subohm 5 Geekvape Atomizzatore 29mm', NULL, 'HARDWARE', 'ATOMIZER_NON_RTA', 12.54, 20.9, 'Z Subohm 5 Geekvape Atomizzatore 29mm', 'https://www.svapoebasta.com/86707-thickbox_default/z-subohm-5.jpg');
INSERT INTO product (store_id, barcode, name, milliliters, category, sub_category, purchase_price, retail_price, description, image_url) VALUES ('PUFF_STORE', '8051234500094', 'Z Subohm 5 Geekvape Atomizzatore 29mm', NULL, 'HARDWARE', 'ATOMIZER_NON_RTA', 12.54, 20.9, 'Z Subohm 5 Geekvape Atomizzatore 29mm', 'https://www.svapoebasta.com/86707-thickbox_default/z-subohm-5.jpg');
INSERT INTO product (store_id, barcode, name, milliliters, category, sub_category, purchase_price, retail_price, description, image_url) VALUES ('PROFESSIONAL_VAPE', '8051234500095', 'iTank T Dual Mesh Vaporesso Atomizzatore 6ml', NULL, 'HARDWARE', 'ATOMIZER_NON_RTA', 13.5, 22.5, 'iTank T Dual Mesh Vaporesso Atomizzatore 6ml', 'https://www.svapoebasta.com/85378-thickbox_default/itank-t-dual-mesh.jpg');
INSERT INTO product (store_id, barcode, name, milliliters, category, sub_category, purchase_price, retail_price, description, image_url) VALUES ('PUFF_STORE', '8051234500095', 'iTank T Dual Mesh Vaporesso Atomizzatore 6ml', NULL, 'HARDWARE', 'ATOMIZER_NON_RTA', 13.5, 22.5, 'iTank T Dual Mesh Vaporesso Atomizzatore 6ml', 'https://www.svapoebasta.com/85378-thickbox_default/itank-t-dual-mesh.jpg');
INSERT INTO product (store_id, barcode, name, milliliters, category, sub_category, purchase_price, retail_price, description, image_url) VALUES ('PROFESSIONAL_VAPE', '8051234500096', 'Zenith Nex Innokin Atomizzatore 26mm', NULL, 'HARDWARE', 'ATOMIZER_NON_RTA', 11.94, 19.9, 'Zenith Nex Innokin Atomizzatore 26mm', 'https://www.svapoebasta.com/85049-thickbox_default/zenith-nex.jpg');
INSERT INTO product (store_id, barcode, name, milliliters, category, sub_category, purchase_price, retail_price, description, image_url) VALUES ('PUFF_STORE', '8051234500096', 'Zenith Nex Innokin Atomizzatore 26mm', NULL, 'HARDWARE', 'ATOMIZER_NON_RTA', 11.94, 19.9, 'Zenith Nex Innokin Atomizzatore 26mm', 'https://www.svapoebasta.com/85049-thickbox_default/zenith-nex.jpg');
INSERT INTO product (store_id, barcode, name, milliliters, category, sub_category, purchase_price, retail_price, description, image_url) VALUES ('PROFESSIONAL_VAPE', '8051234500097', 'Centaurus Sub Ohm V2 Lost Vape Atomizzatore 26mm', NULL, 'HARDWARE', 'ATOMIZER_NON_RTA', 13.14, 21.9, 'Centaurus Sub Ohm V2 Lost Vape Atomizzatore 26mm', 'https://www.svapoebasta.com/85009-thickbox_default/centaurus-sub-ohm-v2.jpg');
INSERT INTO product (store_id, barcode, name, milliliters, category, sub_category, purchase_price, retail_price, description, image_url) VALUES ('PUFF_STORE', '8051234500097', 'Centaurus Sub Ohm V2 Lost Vape Atomizzatore 26mm', NULL, 'HARDWARE', 'ATOMIZER_NON_RTA', 13.14, 21.9, 'Centaurus Sub Ohm V2 Lost Vape Atomizzatore 26mm', 'https://www.svapoebasta.com/85009-thickbox_default/centaurus-sub-ohm-v2.jpg');
INSERT INTO product (store_id, barcode, name, milliliters, category, sub_category, purchase_price, retail_price, description, image_url) VALUES ('PROFESSIONAL_VAPE', '8051234500098', 'Dead Rabbit 4 RDA Hellvape Atomizzatore BF rigenerabile', NULL, 'HARDWARE', 'ATOMIZER_NON_RTA', 20.34, 33.9, 'Dead Rabbit 4 RDA Hellvape Atomizzatore BF rigenerabile', 'https://www.svapoebasta.com/90437-thickbox_default/dead-rabbit-4-rda.jpg');
INSERT INTO product (store_id, barcode, name, milliliters, category, sub_category, purchase_price, retail_price, description, image_url) VALUES ('PUFF_STORE', '8051234500098', 'Dead Rabbit 4 RDA Hellvape Atomizzatore BF rigenerabile', NULL, 'HARDWARE', 'ATOMIZER_NON_RTA', 20.34, 33.9, 'Dead Rabbit 4 RDA Hellvape Atomizzatore BF rigenerabile', 'https://www.svapoebasta.com/90437-thickbox_default/dead-rabbit-4-rda.jpg');
INSERT INTO product (store_id, barcode, name, milliliters, category, sub_category, purchase_price, retail_price, description, image_url) VALUES ('PROFESSIONAL_VAPE', '8051234500099', 'DJV RDTA V2 Dejavu Atomizzatore 26mm', NULL, 'HARDWARE', 'ATOMIZER_NON_RTA', 28.74, 47.9, 'DJV RDTA V2 Dejavu Atomizzatore 26mm', 'https://www.svapoebasta.com/85036-thickbox_default/jdv-rdta-v2.jpg');
INSERT INTO product (store_id, barcode, name, milliliters, category, sub_category, purchase_price, retail_price, description, image_url) VALUES ('PUFF_STORE', '8051234500099', 'DJV RDTA V2 Dejavu Atomizzatore 26mm', NULL, 'HARDWARE', 'ATOMIZER_NON_RTA', 28.74, 47.9, 'DJV RDTA V2 Dejavu Atomizzatore 26mm', 'https://www.svapoebasta.com/85036-thickbox_default/jdv-rdta-v2.jpg');
INSERT INTO product (store_id, barcode, name, milliliters, category, sub_category, purchase_price, retail_price, description, image_url) VALUES ('PROFESSIONAL_VAPE', '8051234500100', 'DotRBA X Dotmod Atomizzatore 3,5ml', NULL, 'HARDWARE', 'ATOMIZER_NON_RTA', 31.14, 51.9, 'DotRBA X Dotmod Atomizzatore 3,5ml', 'https://www.svapoebasta.com/84263-thickbox_default/dotrba-x-tank.jpg');
INSERT INTO product (store_id, barcode, name, milliliters, category, sub_category, purchase_price, retail_price, description, image_url) VALUES ('PUFF_STORE', '8051234500100', 'DotRBA X Dotmod Atomizzatore 3,5ml', NULL, 'HARDWARE', 'ATOMIZER_NON_RTA', 31.14, 51.9, 'DotRBA X Dotmod Atomizzatore 3,5ml', 'https://www.svapoebasta.com/84263-thickbox_default/dotrba-x-tank.jpg');
INSERT INTO product (store_id, barcode, name, milliliters, category, sub_category, purchase_price, retail_price, description, image_url) VALUES ('PROFESSIONAL_VAPE', '8051234500101', 'Nautilus GT 2 Aspire Atomizzatore 25mm', NULL, 'HARDWARE', 'ATOMIZER_NON_RTA', 14.34, 23.9, 'Nautilus GT 2 Aspire Atomizzatore 25mm', 'https://www.svapoebasta.com/83840-thickbox_default/nautilus-gt-2.jpg');
INSERT INTO product (store_id, barcode, name, milliliters, category, sub_category, purchase_price, retail_price, description, image_url) VALUES ('PUFF_STORE', '8051234500101', 'Nautilus GT 2 Aspire Atomizzatore 25mm', NULL, 'HARDWARE', 'ATOMIZER_NON_RTA', 14.34, 23.9, 'Nautilus GT 2 Aspire Atomizzatore 25mm', 'https://www.svapoebasta.com/83840-thickbox_default/nautilus-gt-2.jpg');
INSERT INTO product (store_id, barcode, name, milliliters, category, sub_category, purchase_price, retail_price, description, image_url) VALUES ('PROFESSIONAL_VAPE', '8051234500102', 'Q16 Pro Plus Justfog Atomizzatore da guancia 16mm', NULL, 'HARDWARE', 'ATOMIZER_NON_RTA', 6.54, 10.9, 'Q16 Pro Plus Justfog Atomizzatore da guancia 16mm', 'https://www.svapoebasta.com/83582-thickbox_default/q16-pro-plus.jpg');
INSERT INTO product (store_id, barcode, name, milliliters, category, sub_category, purchase_price, retail_price, description, image_url) VALUES ('PUFF_STORE', '8051234500102', 'Q16 Pro Plus Justfog Atomizzatore da guancia 16mm', NULL, 'HARDWARE', 'ATOMIZER_NON_RTA', 6.54, 10.9, 'Q16 Pro Plus Justfog Atomizzatore da guancia 16mm', 'https://www.svapoebasta.com/83582-thickbox_default/q16-pro-plus.jpg');
INSERT INTO product (store_id, barcode, name, milliliters, category, sub_category, purchase_price, retail_price, description, image_url) VALUES ('PROFESSIONAL_VAPE', '8051234500103', 'DotAIO V4 Tank Dotmod Atomizzatore 4ml', NULL, 'HARDWARE', 'ATOMIZER_NON_RTA', 8.34, 13.9, 'DotAIO V4 Tank Dotmod Atomizzatore 4ml', 'https://www.svapoebasta.com/83122-thickbox_default/dotaio-v4-tank.jpg');
INSERT INTO product (store_id, barcode, name, milliliters, category, sub_category, purchase_price, retail_price, description, image_url) VALUES ('PUFF_STORE', '8051234500103', 'DotAIO V4 Tank Dotmod Atomizzatore 4ml', NULL, 'HARDWARE', 'ATOMIZER_NON_RTA', 8.34, 13.9, 'DotAIO V4 Tank Dotmod Atomizzatore 4ml', 'https://www.svapoebasta.com/83122-thickbox_default/dotaio-v4-tank.jpg');
INSERT INTO product (store_id, barcode, name, milliliters, category, sub_category, purchase_price, retail_price, description, image_url) VALUES ('PROFESSIONAL_VAPE', '8051234500104', 'Nautilus 3SR Aspire Atomizzatore 4ml', NULL, 'HARDWARE', 'ATOMIZER_NON_RTA', 13.74, 22.9, 'Nautilus 3SR Aspire Atomizzatore 4ml', 'https://www.svapoebasta.com/82966-thickbox_default/nautilus-3sr.jpg');
INSERT INTO product (store_id, barcode, name, milliliters, category, sub_category, purchase_price, retail_price, description, image_url) VALUES ('PUFF_STORE', '8051234500104', 'Nautilus 3SR Aspire Atomizzatore 4ml', NULL, 'HARDWARE', 'ATOMIZER_NON_RTA', 13.74, 22.9, 'Nautilus 3SR Aspire Atomizzatore 4ml', 'https://www.svapoebasta.com/82966-thickbox_default/nautilus-3sr.jpg');