INSERT INTO store_settings (id, store_name) VALUES ('PROFESSIONAL_VAPE', 'Professional Vape');
INSERT INTO store_settings (id, store_name) VALUES ('PUFF_STORE', 'Puff Store');

INSERT INTO users (username, password, store_id) VALUES ('admin_prof', '$2b$10$PaBJEcYVA6/DcNoSEc7GKO/Fq0SXPEOi7A3CUizMBCdurImbd3L7a', 'PROFESSIONAL_VAPE');
INSERT INTO users (username, password, store_id) VALUES ('admin_puff', '$2b$10$PaBJEcYVA6/DcNoSEc7GKO/Fq0SXPEOi7A3CUizMBCdurImbd3L7a', 'PUFF_STORE');

INSERT INTO product (store_id, barcode, name, milliliters, category, sub_category, purchase_price, retail_price, description, image_url) VALUES
('PROFESSIONAL_VAPE', '8051234568001', 'Suprem-e Artic Mint 10ml', 10, 'LIQUIDO', 'TPD', 3.00, 5.00, 'Liquido pronto 10ml alla menta glaciale', 'https://via.placeholder.com/500x500.png?text=Suprem-e+Artic+Mint'),
('PUFF_STORE', '8051234568001', 'Suprem-e Artic Mint 10ml', 10, 'LIQUIDO', 'TPD', 3.00, 5.00, 'Liquido pronto 10ml alla menta glaciale', 'https://via.placeholder.com/500x500.png?text=Suprem-e+Artic+Mint'),
('PROFESSIONAL_VAPE', '8051234568002', 'Vaporart Malby 10ml', 10, 'LIQUIDO', 'TPD', 3.50, 6.00, 'Liquido pronto 10ml tabaccoso secco', 'https://www.smo-kingshop.it/26107-large_default/vaporart-malby-10-ml.jpg'),
('PUFF_STORE', '8051234568002', 'Vaporart Malby 10ml', 10, 'LIQUIDO', 'TPD', 3.50, 6.00, 'Liquido pronto 10ml tabaccoso secco', 'https://www.smo-kingshop.it/26107-large_default/vaporart-malby-10-ml.jpg'),
('PROFESSIONAL_VAPE', '8051234568003', 'TNT Vape Booms 10ml', 10, 'LIQUIDO', 'TPD', 4.00, 7.00, 'Liquido pronto 10ml tabaccoso vanigliato', 'https://www.smo-kingshop.it/30043-large_default/tnt-vape-booms-10-ml.jpg'),
('PUFF_STORE', '8051234568003', 'TNT Vape Booms 10ml', 10, 'LIQUIDO', 'TPD', 4.00, 7.00, 'Liquido pronto 10ml tabaccoso vanigliato', 'https://www.smo-kingshop.it/30043-large_default/tnt-vape-booms-10-ml.jpg'),
('PROFESSIONAL_VAPE', '8051234568004', 'Dea Flavor Calliope 10ml', 10, 'LIQUIDO', 'TPD', 3.80, 6.50, 'Liquido pronto 10ml tabacco biondo', 'https://www.smo-kingshop.it/23616-large_default/dea-flavor-calliope-10-ml.jpg'),
('PUFF_STORE', '8051234568004', 'Dea Flavor Calliope 10ml', 10, 'LIQUIDO', 'TPD', 3.80, 6.50, 'Liquido pronto 10ml tabacco biondo', 'https://www.smo-kingshop.it/23616-large_default/dea-flavor-calliope-10-ml.jpg'),
('PROFESSIONAL_VAPE', '8051234568005', 'La Tabaccheria Latakia 10ml', 10, 'LIQUIDO', 'AROMA', 5.00, 9.00, 'Aroma concentrato 10ml tabacco organico', 'https://www.smo-kingshop.it/23946-large_default/la-tabaccheria-latakia-10-ml.jpg'),
('PUFF_STORE', '8051234568005', 'La Tabaccheria Latakia 10ml', 10, 'LIQUIDO', 'AROMA', 5.00, 9.00, 'Aroma concentrato 10ml tabacco organico', 'https://www.smo-kingshop.it/23946-large_default/la-tabaccheria-latakia-10-ml.jpg'),
('PROFESSIONAL_VAPE', '8051234568006', 'Valkiria Shinobi 20ml', 20, 'LIQUIDO', 'SHOT', 10.00, 18.00, 'Aroma scomposto 20ml papaya, fico d india, limone e zucchero', 'https://via.placeholder.com/500x500.png?text=Valkiria+Shinobi'),
('PUFF_STORE', '8051234568006', 'Valkiria Shinobi 20ml', 20, 'LIQUIDO', 'SHOT', 10.00, 18.00, 'Aroma scomposto 20ml papaya, fico d india, limone e zucchero', 'https://via.placeholder.com/500x500.png?text=Valkiria+Shinobi'),
('PROFESSIONAL_VAPE', '8051234568007', 'Super Flavor Round 20ml', 20, 'LIQUIDO', 'SHOT', 10.00, 18.00, 'Aroma scomposto 20ml gelato alla vaniglia e ribes nero', 'https://www.smo-kingshop.it/29906-large_default/super-flavor-round-20-ml.jpg'),
('PUFF_STORE', '8051234568007', 'Super Flavor Round 20ml', 20, 'LIQUIDO', 'SHOT', 10.00, 18.00, 'Aroma scomposto 20ml gelato alla vaniglia e ribes nero', 'https://www.smo-kingshop.it/29906-large_default/super-flavor-round-20-ml.jpg'),
('PROFESSIONAL_VAPE', '8051234568008', 'Galactika Double White 20ml', 20, 'LIQUIDO', 'SHOT', 11.00, 19.90, 'Aroma scomposto 20ml melone, fragola e ghiaccio', 'https://www.smo-kingshop.it/44888-large_default/galactika-double-white-20-ml.jpg'),
('PUFF_STORE', '8051234568008', 'Galactika Double White 20ml', 20, 'LIQUIDO', 'SHOT', 11.00, 19.90, 'Aroma scomposto 20ml melone, fragola e ghiaccio', 'https://www.smo-kingshop.it/44888-large_default/galactika-double-white-20-ml.jpg'),
('PROFESSIONAL_VAPE', '8051234568009', 'Azhad Elixir 10ml', 10, 'LIQUIDO', 'AROMA', 6.00, 11.00, 'Aroma concentrato 10ml miscela di tabacchi pregiati', 'https://www.smo-kingshop.it/23490-large_default/azhad-elixir-10-ml.jpg'),
('PUFF_STORE', '8051234568009', 'Azhad Elixir 10ml', 10, 'LIQUIDO', 'AROMA', 6.00, 11.00, 'Aroma concentrato 10ml miscela di tabacchi pregiati', 'https://www.smo-kingshop.it/23490-large_default/azhad-elixir-10-ml.jpg');

INSERT INTO product (store_id, barcode, name, category, sub_category, purchase_price, retail_price, description, image_url) VALUES
('PROFESSIONAL_VAPE', '8051234568010', 'Geekvape Wenax M1 Kit', 'HARDWARE', 'STARTER_KIT', 12.00, 22.00, 'Kit completo pod mod a forma di penna, batteria 800mAh', 'https://via.placeholder.com/500x500.png?text=Geekvape+Wenax'),
('PUFF_STORE', '8051234568010', 'Geekvape Wenax M1 Kit', 'HARDWARE', 'STARTER_KIT', 12.00, 22.00, 'Kit completo pod mod a forma di penna, batteria 800mAh', 'https://via.placeholder.com/500x500.png?text=Geekvape+Wenax'),
('PROFESSIONAL_VAPE', '8051234568011', 'VooPoo Drag X2 Kit', 'HARDWARE', 'STARTER_KIT', 30.00, 55.00, 'Kit completo box mod 80W con atomizzatore PnP X', 'https://www.smo-kingshop.it/70543-large_default/voopoo-drag-x2-kit.jpg'),
('PUFF_STORE', '8051234568011', 'VooPoo Drag X2 Kit', 'HARDWARE', 'STARTER_KIT', 30.00, 55.00, 'Kit completo box mod 80W con atomizzatore PnP X', 'https://www.smo-kingshop.it/70543-large_default/voopoo-drag-x2-kit.jpg'),
('PROFESSIONAL_VAPE', '8051234568012', 'Vaporesso Xros 3 Kit', 'HARDWARE', 'STARTER_KIT', 18.00, 32.00, 'Kit completo pod mod compatta, batteria 1000mAh', 'https://www.smo-kingshop.it/65487-large_default/vaporesso-xros-3-kit.jpg'),
('PUFF_STORE', '8051234568012', 'Vaporesso Xros 3 Kit', 'HARDWARE', 'STARTER_KIT', 18.00, 32.00, 'Kit completo pod mod compatta, batteria 1000mAh', 'https://www.smo-kingshop.it/65487-large_default/vaporesso-xros-3-kit.jpg'),
('PROFESSIONAL_VAPE', '8051234568013', 'Eleaf iStick Power 2C Mod', 'HARDWARE', 'BATTERY_BOX', 25.00, 45.00, 'Box mod dual 18650, potenza massima 160W', 'https://www.smo-kingshop.it/44917-large_default/eleaf-istick-power-2c-mod.jpg'),
('PUFF_STORE', '8051234568013', 'Eleaf iStick Power 2C Mod', 'HARDWARE', 'BATTERY_BOX', 25.00, 45.00, 'Box mod dual 18650, potenza massima 160W', 'https://www.smo-kingshop.it/44917-large_default/eleaf-istick-power-2c-mod.jpg'),
('PROFESSIONAL_VAPE', '8051234568014', 'Aspire Nautilus 3 Tank', 'HARDWARE', 'ATOMIZER_NON_RTA', 15.00, 28.00, 'Atomizzatore a testine intercambiabili per tiro di guancia', 'https://via.placeholder.com/500x500.png?text=Aspire+Nautilus+3'),
('PUFF_STORE', '8051234568014', 'Aspire Nautilus 3 Tank', 'HARDWARE', 'ATOMIZER_NON_RTA', 15.00, 28.00, 'Atomizzatore a testine intercambiabili per tiro di guancia', 'https://via.placeholder.com/500x500.png?text=Aspire+Nautilus+3');
INSERT INTO product (store_id, barcode, name, milliliters, category, sub_category, purchase_price, retail_price, description, image_url, color) VALUES ('PROFESSIONAL_VAPE', '8051234568101', 'Geekvape Mod Rosso', NULL, 'HARDWARE', 'POD_MOD', 41.86, 66.98, 'Dispositivo hardware Geekvape Mod colorazione Rosso.', 'https://via.placeholder.com/500x500.png?text=Geekvape+Mod', 'Rosso');
INSERT INTO product (store_id, barcode, name, milliliters, category, sub_category, purchase_price, retail_price, description, image_url, color) VALUES ('PUFF_STORE', '8051234568101', 'Geekvape Mod Rosso', NULL, 'HARDWARE', 'POD_MOD', 41.86, 66.98, 'Dispositivo hardware Geekvape Mod colorazione Rosso.', 'https://via.placeholder.com/500x500.png?text=Geekvape+Mod', 'Rosso');
INSERT INTO product (store_id, barcode, name, milliliters, category, sub_category, purchase_price, retail_price, description, image_url, flavor) VALUES ('PROFESSIONAL_VAPE', '8051234568102', 'Valkiria Tabacco Liquid', 20, 'LIQUIDO', 'NICOTINE_SHOT', 7.86, 14.15, 'Liquido per sigaretta elettronica al gusto di tabacco.', 'https://via.placeholder.com/500x500.png?text=Valkiria+Tabacco', 'Tabacco');
INSERT INTO product (store_id, barcode, name, milliliters, category, sub_category, purchase_price, retail_price, description, image_url, flavor) VALUES ('PUFF_STORE', '8051234568102', 'Valkiria Tabacco Liquid', 20, 'LIQUIDO', 'NICOTINE_SHOT', 7.86, 14.15, 'Liquido per sigaretta elettronica al gusto di tabacco.', 'https://via.placeholder.com/500x500.png?text=Valkiria+Tabacco', 'Tabacco');
INSERT INTO product (store_id, barcode, name, milliliters, category, sub_category, purchase_price, retail_price, description, image_url, flavor) VALUES ('PROFESSIONAL_VAPE', '8051234568103', 'Vaporart Limone Liquid', 10, 'LIQUIDO', 'SHOT', 7.44, 13.39, 'Liquido per sigaretta elettronica al gusto di limone.', 'https://via.placeholder.com/500x500.png?text=Vaporart+Limone', 'Limone');
INSERT INTO product (store_id, barcode, name, milliliters, category, sub_category, purchase_price, retail_price, description, image_url, flavor) VALUES ('PUFF_STORE', '8051234568103', 'Vaporart Limone Liquid', 10, 'LIQUIDO', 'SHOT', 7.44, 13.39, 'Liquido per sigaretta elettronica al gusto di limone.', 'https://via.placeholder.com/500x500.png?text=Vaporart+Limone', 'Limone');
INSERT INTO product (store_id, barcode, name, milliliters, category, sub_category, purchase_price, retail_price, description, image_url, flavor) VALUES ('PROFESSIONAL_VAPE', '8051234568104', 'Galactika Vaniglia Liquid', 10, 'LIQUIDO', 'TPD', 6.93, 12.47, 'Liquido per sigaretta elettronica al gusto di vaniglia.', 'https://via.placeholder.com/500x500.png?text=Galactika+Vaniglia', 'Vaniglia');
INSERT INTO product (store_id, barcode, name, milliliters, category, sub_category, purchase_price, retail_price, description, image_url, flavor) VALUES ('PUFF_STORE', '8051234568104', 'Galactika Vaniglia Liquid', 10, 'LIQUIDO', 'TPD', 6.93, 12.47, 'Liquido per sigaretta elettronica al gusto di vaniglia.', 'https://via.placeholder.com/500x500.png?text=Galactika+Vaniglia', 'Vaniglia');
INSERT INTO product (store_id, barcode, name, milliliters, category, sub_category, purchase_price, retail_price, description, image_url, flavor) VALUES ('PROFESSIONAL_VAPE', '8051234568105', 'TNT Vape Melone Liquid', 50, 'LIQUIDO', 'SHOT', 7.11, 12.8, 'Liquido per sigaretta elettronica al gusto di melone.', 'https://via.placeholder.com/500x500.png?text=TNT+Vape+Melone', 'Melone');
INSERT INTO product (store_id, barcode, name, milliliters, category, sub_category, purchase_price, retail_price, description, image_url, flavor) VALUES ('PUFF_STORE', '8051234568105', 'TNT Vape Melone Liquid', 50, 'LIQUIDO', 'SHOT', 7.11, 12.8, 'Liquido per sigaretta elettronica al gusto di melone.', 'https://via.placeholder.com/500x500.png?text=TNT+Vape+Melone', 'Melone');
INSERT INTO product (store_id, barcode, name, milliliters, category, sub_category, purchase_price, retail_price, description, image_url, flavor) VALUES ('PROFESSIONAL_VAPE', '8051234568106', 'Dea Flavor Menta Liquid', 50, 'LIQUIDO', 'NICOTINE_SHOT', 3.63, 6.53, 'Liquido per sigaretta elettronica al gusto di menta.', 'https://via.placeholder.com/500x500.png?text=Dea+Flavor+Menta', 'Menta');
INSERT INTO product (store_id, barcode, name, milliliters, category, sub_category, purchase_price, retail_price, description, image_url, flavor) VALUES ('PUFF_STORE', '8051234568106', 'Dea Flavor Menta Liquid', 50, 'LIQUIDO', 'NICOTINE_SHOT', 3.63, 6.53, 'Liquido per sigaretta elettronica al gusto di menta.', 'https://via.placeholder.com/500x500.png?text=Dea+Flavor+Menta', 'Menta');
INSERT INTO product (store_id, barcode, name, milliliters, category, sub_category, purchase_price, retail_price, description, image_url, flavor) VALUES ('PROFESSIONAL_VAPE', '8051234568107', 'TNT Vape Menta Liquid', 20, 'LIQUIDO', 'MINI_SHOT', 7.66, 13.79, 'Liquido per sigaretta elettronica al gusto di menta.', 'https://via.placeholder.com/500x500.png?text=TNT+Vape+Menta', 'Menta');
INSERT INTO product (store_id, barcode, name, milliliters, category, sub_category, purchase_price, retail_price, description, image_url, flavor) VALUES ('PUFF_STORE', '8051234568107', 'TNT Vape Menta Liquid', 20, 'LIQUIDO', 'MINI_SHOT', 7.66, 13.79, 'Liquido per sigaretta elettronica al gusto di menta.', 'https://via.placeholder.com/500x500.png?text=TNT+Vape+Menta', 'Menta');
INSERT INTO product (store_id, barcode, name, milliliters, category, sub_category, purchase_price, retail_price, description, image_url, flavor) VALUES ('PROFESSIONAL_VAPE', '8051234568108', 'TNT Vape Menta Liquid', 60, 'LIQUIDO', 'AROMA', 6.47, 11.65, 'Liquido per sigaretta elettronica al gusto di menta.', 'https://via.placeholder.com/500x500.png?text=TNT+Vape+Menta', 'Menta');
INSERT INTO product (store_id, barcode, name, milliliters, category, sub_category, purchase_price, retail_price, description, image_url, flavor) VALUES ('PUFF_STORE', '8051234568108', 'TNT Vape Menta Liquid', 60, 'LIQUIDO', 'AROMA', 6.47, 11.65, 'Liquido per sigaretta elettronica al gusto di menta.', 'https://via.placeholder.com/500x500.png?text=TNT+Vape+Menta', 'Menta');
INSERT INTO product (store_id, barcode, name, milliliters, category, sub_category, purchase_price, retail_price, description, image_url, flavor) VALUES ('PROFESSIONAL_VAPE', '8051234568109', 'TNT Vape Frutti Rossi Liquid', 50, 'LIQUIDO', 'TPD', 7.76, 13.97, 'Liquido per sigaretta elettronica al gusto di frutti rossi.', 'https://via.placeholder.com/500x500.png?text=TNT+Vape+Frutti+Rossi', 'Frutti Rossi');
INSERT INTO product (store_id, barcode, name, milliliters, category, sub_category, purchase_price, retail_price, description, image_url, flavor) VALUES ('PUFF_STORE', '8051234568109', 'TNT Vape Frutti Rossi Liquid', 50, 'LIQUIDO', 'TPD', 7.76, 13.97, 'Liquido per sigaretta elettronica al gusto di frutti rossi.', 'https://via.placeholder.com/500x500.png?text=TNT+Vape+Frutti+Rossi', 'Frutti Rossi');
INSERT INTO product (store_id, barcode, name, milliliters, category, sub_category, purchase_price, retail_price, description, image_url, flavor) VALUES ('PROFESSIONAL_VAPE', '8051234568110', 'Dea Flavor Tabacco Liquid', 50, 'LIQUIDO', 'AROMA', 3.76, 6.77, 'Liquido per sigaretta elettronica al gusto di tabacco.', 'https://via.placeholder.com/500x500.png?text=Dea+Flavor+Tabacco', 'Tabacco');
INSERT INTO product (store_id, barcode, name, milliliters, category, sub_category, purchase_price, retail_price, description, image_url, flavor) VALUES ('PUFF_STORE', '8051234568110', 'Dea Flavor Tabacco Liquid', 50, 'LIQUIDO', 'AROMA', 3.76, 6.77, 'Liquido per sigaretta elettronica al gusto di tabacco.', 'https://via.placeholder.com/500x500.png?text=Dea+Flavor+Tabacco', 'Tabacco');
INSERT INTO product (store_id, barcode, name, milliliters, category, sub_category, purchase_price, retail_price, description, image_url, color) VALUES ('PROFESSIONAL_VAPE', '8051234568111', 'Geekvape Pod Blu', NULL, 'HARDWARE', 'POD_MOD', 47.14, 75.42, 'Dispositivo hardware Geekvape Pod colorazione Blu.', 'https://via.placeholder.com/500x500.png?text=Geekvape+Pod', 'Blu');
INSERT INTO product (store_id, barcode, name, milliliters, category, sub_category, purchase_price, retail_price, description, image_url, color) VALUES ('PUFF_STORE', '8051234568111', 'Geekvape Pod Blu', NULL, 'HARDWARE', 'POD_MOD', 47.14, 75.42, 'Dispositivo hardware Geekvape Pod colorazione Blu.', 'https://via.placeholder.com/500x500.png?text=Geekvape+Pod', 'Blu');
INSERT INTO product (store_id, barcode, name, milliliters, category, sub_category, purchase_price, retail_price, description, image_url, flavor) VALUES ('PROFESSIONAL_VAPE', '8051234568112', 'Galactika Menta Liquid', 60, 'LIQUIDO', 'NICOTINE_SHOT', 5.02, 9.04, 'Liquido per sigaretta elettronica al gusto di menta.', 'https://via.placeholder.com/500x500.png?text=Galactika+Menta', 'Menta');
INSERT INTO product (store_id, barcode, name, milliliters, category, sub_category, purchase_price, retail_price, description, image_url, flavor) VALUES ('PUFF_STORE', '8051234568112', 'Galactika Menta Liquid', 60, 'LIQUIDO', 'NICOTINE_SHOT', 5.02, 9.04, 'Liquido per sigaretta elettronica al gusto di menta.', 'https://via.placeholder.com/500x500.png?text=Galactika+Menta', 'Menta');
INSERT INTO product (store_id, barcode, name, milliliters, category, sub_category, purchase_price, retail_price, description, image_url, flavor) VALUES ('PROFESSIONAL_VAPE', '8051234568113', 'Galactika Tabacco Liquid', 10, 'LIQUIDO', 'TPD', 3.21, 5.78, 'Liquido per sigaretta elettronica al gusto di tabacco.', 'https://via.placeholder.com/500x500.png?text=Galactika+Tabacco', 'Tabacco');
INSERT INTO product (store_id, barcode, name, milliliters, category, sub_category, purchase_price, retail_price, description, image_url, flavor) VALUES ('PUFF_STORE', '8051234568113', 'Galactika Tabacco Liquid', 10, 'LIQUIDO', 'TPD', 3.21, 5.78, 'Liquido per sigaretta elettronica al gusto di tabacco.', 'https://via.placeholder.com/500x500.png?text=Galactika+Tabacco', 'Tabacco');
INSERT INTO product (store_id, barcode, name, milliliters, category, sub_category, purchase_price, retail_price, description, image_url, flavor) VALUES ('PROFESSIONAL_VAPE', '8051234568114', 'Suprem-e Crema Liquid', 60, 'LIQUIDO', 'AROMA', 3.93, 7.07, 'Liquido per sigaretta elettronica al gusto di crema.', 'https://via.placeholder.com/500x500.png?text=Suprem-e+Crema', 'Crema');
INSERT INTO product (store_id, barcode, name, milliliters, category, sub_category, purchase_price, retail_price, description, image_url, flavor) VALUES ('PUFF_STORE', '8051234568114', 'Suprem-e Crema Liquid', 60, 'LIQUIDO', 'AROMA', 3.93, 7.07, 'Liquido per sigaretta elettronica al gusto di crema.', 'https://via.placeholder.com/500x500.png?text=Suprem-e+Crema', 'Crema');
INSERT INTO product (store_id, barcode, name, milliliters, category, sub_category, purchase_price, retail_price, description, image_url, flavor) VALUES ('PROFESSIONAL_VAPE', '8051234568115', 'Galactika Ghiaccio Liquid', 60, 'LIQUIDO', 'SHOT', 4.55, 8.19, 'Liquido per sigaretta elettronica al gusto di ghiaccio.', 'https://via.placeholder.com/500x500.png?text=Galactika+Ghiaccio', 'Ghiaccio');
INSERT INTO product (store_id, barcode, name, milliliters, category, sub_category, purchase_price, retail_price, description, image_url, flavor) VALUES ('PUFF_STORE', '8051234568115', 'Galactika Ghiaccio Liquid', 60, 'LIQUIDO', 'SHOT', 4.55, 8.19, 'Liquido per sigaretta elettronica al gusto di ghiaccio.', 'https://via.placeholder.com/500x500.png?text=Galactika+Ghiaccio', 'Ghiaccio');
INSERT INTO product (store_id, barcode, name, milliliters, category, sub_category, purchase_price, retail_price, description, image_url, color) VALUES ('PROFESSIONAL_VAPE', '8051234568116', 'Vaporesso Mod Nero', NULL, 'HARDWARE', 'ATOMIZER_RTA', 20.24, 32.38, 'Dispositivo hardware Vaporesso Mod colorazione Nero.', 'https://via.placeholder.com/500x500.png?text=Vaporesso+Mod', 'Nero');
INSERT INTO product (store_id, barcode, name, milliliters, category, sub_category, purchase_price, retail_price, description, image_url, color) VALUES ('PUFF_STORE', '8051234568116', 'Vaporesso Mod Nero', NULL, 'HARDWARE', 'ATOMIZER_RTA', 20.24, 32.38, 'Dispositivo hardware Vaporesso Mod colorazione Nero.', 'https://via.placeholder.com/500x500.png?text=Vaporesso+Mod', 'Nero');
INSERT INTO product (store_id, barcode, name, milliliters, category, sub_category, purchase_price, retail_price, description, image_url, flavor) VALUES ('PROFESSIONAL_VAPE', '8051234568117', 'TNT Vape Frutti Rossi Liquid', 20, 'LIQUIDO', 'SHOT', 5.39, 9.7, 'Liquido per sigaretta elettronica al gusto di frutti rossi.', 'https://via.placeholder.com/500x500.png?text=TNT+Vape+Frutti+Rossi', 'Frutti Rossi');
INSERT INTO product (store_id, barcode, name, milliliters, category, sub_category, purchase_price, retail_price, description, image_url, flavor) VALUES ('PUFF_STORE', '8051234568117', 'TNT Vape Frutti Rossi Liquid', 20, 'LIQUIDO', 'SHOT', 5.39, 9.7, 'Liquido per sigaretta elettronica al gusto di frutti rossi.', 'https://via.placeholder.com/500x500.png?text=TNT+Vape+Frutti+Rossi', 'Frutti Rossi');
INSERT INTO product (store_id, barcode, name, milliliters, category, sub_category, purchase_price, retail_price, description, image_url, color) VALUES ('PROFESSIONAL_VAPE', '8051234568118', 'Eleaf Pod Rainbow', NULL, 'HARDWARE', 'ATOMIZER_RTA', 30.32, 48.51, 'Dispositivo hardware Eleaf Pod colorazione Rainbow.', 'https://via.placeholder.com/500x500.png?text=Eleaf+Pod', 'Rainbow');
INSERT INTO product (store_id, barcode, name, milliliters, category, sub_category, purchase_price, retail_price, description, image_url, color) VALUES ('PUFF_STORE', '8051234568118', 'Eleaf Pod Rainbow', NULL, 'HARDWARE', 'ATOMIZER_RTA', 30.32, 48.51, 'Dispositivo hardware Eleaf Pod colorazione Rainbow.', 'https://via.placeholder.com/500x500.png?text=Eleaf+Pod', 'Rainbow');
INSERT INTO product (store_id, barcode, name, milliliters, category, sub_category, purchase_price, retail_price, description, image_url, color) VALUES ('PROFESSIONAL_VAPE', '8051234568119', 'VooPoo Tank Rosso', NULL, 'HARDWARE', 'ACCESSORY', 39.58, 63.33, 'Dispositivo hardware VooPoo Tank colorazione Rosso.', 'https://via.placeholder.com/500x500.png?text=VooPoo+Tank', 'Rosso');
INSERT INTO product (store_id, barcode, name, milliliters, category, sub_category, purchase_price, retail_price, description, image_url, color) VALUES ('PUFF_STORE', '8051234568119', 'VooPoo Tank Rosso', NULL, 'HARDWARE', 'ACCESSORY', 39.58, 63.33, 'Dispositivo hardware VooPoo Tank colorazione Rosso.', 'https://via.placeholder.com/500x500.png?text=VooPoo+Tank', 'Rosso');
INSERT INTO product (store_id, barcode, name, milliliters, category, sub_category, purchase_price, retail_price, description, image_url, flavor) VALUES ('PROFESSIONAL_VAPE', '8051234568120', 'Azhad Elixir Fragola Liquid', 60, 'LIQUIDO', 'AROMA', 3.84, 6.91, 'Liquido per sigaretta elettronica al gusto di fragola.', 'https://via.placeholder.com/500x500.png?text=Azhad+Elixir+Fragola', 'Fragola');
INSERT INTO product (store_id, barcode, name, milliliters, category, sub_category, purchase_price, retail_price, description, image_url, flavor) VALUES ('PUFF_STORE', '8051234568120', 'Azhad Elixir Fragola Liquid', 60, 'LIQUIDO', 'AROMA', 3.84, 6.91, 'Liquido per sigaretta elettronica al gusto di fragola.', 'https://via.placeholder.com/500x500.png?text=Azhad+Elixir+Fragola', 'Fragola');
INSERT INTO product (store_id, barcode, name, milliliters, category, sub_category, purchase_price, retail_price, description, image_url, flavor) VALUES ('PROFESSIONAL_VAPE', '8051234568121', 'Suprem-e Fragola Liquid', 50, 'LIQUIDO', 'NICOTINE_SHOT', 4.34, 7.81, 'Liquido per sigaretta elettronica al gusto di fragola.', 'https://via.placeholder.com/500x500.png?text=Suprem-e+Fragola', 'Fragola');
INSERT INTO product (store_id, barcode, name, milliliters, category, sub_category, purchase_price, retail_price, description, image_url, flavor) VALUES ('PUFF_STORE', '8051234568121', 'Suprem-e Fragola Liquid', 50, 'LIQUIDO', 'NICOTINE_SHOT', 4.34, 7.81, 'Liquido per sigaretta elettronica al gusto di fragola.', 'https://via.placeholder.com/500x500.png?text=Suprem-e+Fragola', 'Fragola');
INSERT INTO product (store_id, barcode, name, milliliters, category, sub_category, purchase_price, retail_price, description, image_url, color) VALUES ('PROFESSIONAL_VAPE', '8051234568122', 'VooPoo Mod Argento', NULL, 'HARDWARE', 'BATTERY_BOX', 26.73, 42.77, 'Dispositivo hardware VooPoo Mod colorazione Argento.', 'https://via.placeholder.com/500x500.png?text=VooPoo+Mod', 'Argento');
INSERT INTO product (store_id, barcode, name, milliliters, category, sub_category, purchase_price, retail_price, description, image_url, color) VALUES ('PUFF_STORE', '8051234568122', 'VooPoo Mod Argento', NULL, 'HARDWARE', 'BATTERY_BOX', 26.73, 42.77, 'Dispositivo hardware VooPoo Mod colorazione Argento.', 'https://via.placeholder.com/500x500.png?text=VooPoo+Mod', 'Argento');
INSERT INTO product (store_id, barcode, name, milliliters, category, sub_category, purchase_price, retail_price, description, image_url, flavor) VALUES ('PROFESSIONAL_VAPE', '8051234568123', 'Galactika Frutti Rossi Liquid', 50, 'LIQUIDO', 'SHOT', 3.49, 6.28, 'Liquido per sigaretta elettronica al gusto di frutti rossi.', 'https://via.placeholder.com/500x500.png?text=Galactika+Frutti+Rossi', 'Frutti Rossi');
INSERT INTO product (store_id, barcode, name, milliliters, category, sub_category, purchase_price, retail_price, description, image_url, flavor) VALUES ('PUFF_STORE', '8051234568123', 'Galactika Frutti Rossi Liquid', 50, 'LIQUIDO', 'SHOT', 3.49, 6.28, 'Liquido per sigaretta elettronica al gusto di frutti rossi.', 'https://via.placeholder.com/500x500.png?text=Galactika+Frutti+Rossi', 'Frutti Rossi');
INSERT INTO product (store_id, barcode, name, milliliters, category, sub_category, purchase_price, retail_price, description, image_url, flavor) VALUES ('PROFESSIONAL_VAPE', '8051234568124', 'La Tabaccheria Vaniglia Liquid', 60, 'LIQUIDO', 'MINI_SHOT', 4.42, 7.96, 'Liquido per sigaretta elettronica al gusto di vaniglia.', 'https://via.placeholder.com/500x500.png?text=La+Tabaccheria+Vaniglia', 'Vaniglia');
INSERT INTO product (store_id, barcode, name, milliliters, category, sub_category, purchase_price, retail_price, description, image_url, flavor) VALUES ('PUFF_STORE', '8051234568124', 'La Tabaccheria Vaniglia Liquid', 60, 'LIQUIDO', 'MINI_SHOT', 4.42, 7.96, 'Liquido per sigaretta elettronica al gusto di vaniglia.', 'https://via.placeholder.com/500x500.png?text=La+Tabaccheria+Vaniglia', 'Vaniglia');
INSERT INTO product (store_id, barcode, name, milliliters, category, sub_category, purchase_price, retail_price, description, image_url, flavor) VALUES ('PROFESSIONAL_VAPE', '8051234568125', 'Vaporart Limone Liquid', 20, 'LIQUIDO', 'SHOT', 4.46, 8.03, 'Liquido per sigaretta elettronica al gusto di limone.', 'https://via.placeholder.com/500x500.png?text=Vaporart+Limone', 'Limone');
INSERT INTO product (store_id, barcode, name, milliliters, category, sub_category, purchase_price, retail_price, description, image_url, flavor) VALUES ('PUFF_STORE', '8051234568125', 'Vaporart Limone Liquid', 20, 'LIQUIDO', 'SHOT', 4.46, 8.03, 'Liquido per sigaretta elettronica al gusto di limone.', 'https://via.placeholder.com/500x500.png?text=Vaporart+Limone', 'Limone');
INSERT INTO product (store_id, barcode, name, milliliters, category, sub_category, purchase_price, retail_price, description, image_url, flavor) VALUES ('PROFESSIONAL_VAPE', '8051234568126', 'Super Flavor Fragola Liquid', 10, 'LIQUIDO', 'SHOT', 7.62, 13.72, 'Liquido per sigaretta elettronica al gusto di fragola.', 'https://via.placeholder.com/500x500.png?text=Super+Flavor+Fragola', 'Fragola');
INSERT INTO product (store_id, barcode, name, milliliters, category, sub_category, purchase_price, retail_price, description, image_url, flavor) VALUES ('PUFF_STORE', '8051234568126', 'Super Flavor Fragola Liquid', 10, 'LIQUIDO', 'SHOT', 7.62, 13.72, 'Liquido per sigaretta elettronica al gusto di fragola.', 'https://via.placeholder.com/500x500.png?text=Super+Flavor+Fragola', 'Fragola');
INSERT INTO product (store_id, barcode, name, milliliters, category, sub_category, purchase_price, retail_price, description, image_url, color) VALUES ('PROFESSIONAL_VAPE', '8051234568127', 'Vaporesso Mod Rosso', NULL, 'HARDWARE', 'STARTER_KIT', 36.49, 58.38, 'Dispositivo hardware Vaporesso Mod colorazione Rosso.', 'https://via.placeholder.com/500x500.png?text=Vaporesso+Mod', 'Rosso');
INSERT INTO product (store_id, barcode, name, milliliters, category, sub_category, purchase_price, retail_price, description, image_url, color) VALUES ('PUFF_STORE', '8051234568127', 'Vaporesso Mod Rosso', NULL, 'HARDWARE', 'STARTER_KIT', 36.49, 58.38, 'Dispositivo hardware Vaporesso Mod colorazione Rosso.', 'https://via.placeholder.com/500x500.png?text=Vaporesso+Mod', 'Rosso');
INSERT INTO product (store_id, barcode, name, milliliters, category, sub_category, purchase_price, retail_price, description, image_url, flavor) VALUES ('PROFESSIONAL_VAPE', '8051234568128', 'Suprem-e Frutti Rossi Liquid', 50, 'LIQUIDO', 'AROMA', 4.53, 8.15, 'Liquido per sigaretta elettronica al gusto di frutti rossi.', 'https://via.placeholder.com/500x500.png?text=Suprem-e+Frutti+Rossi', 'Frutti Rossi');
INSERT INTO product (store_id, barcode, name, milliliters, category, sub_category, purchase_price, retail_price, description, image_url, flavor) VALUES ('PUFF_STORE', '8051234568128', 'Suprem-e Frutti Rossi Liquid', 50, 'LIQUIDO', 'AROMA', 4.53, 8.15, 'Liquido per sigaretta elettronica al gusto di frutti rossi.', 'https://via.placeholder.com/500x500.png?text=Suprem-e+Frutti+Rossi', 'Frutti Rossi');
INSERT INTO product (store_id, barcode, name, milliliters, category, sub_category, purchase_price, retail_price, description, image_url, flavor) VALUES ('PROFESSIONAL_VAPE', '8051234568129', 'Super Flavor Tabacco Liquid', 50, 'LIQUIDO', 'AROMA', 5.13, 9.23, 'Liquido per sigaretta elettronica al gusto di tabacco.', 'https://via.placeholder.com/500x500.png?text=Super+Flavor+Tabacco', 'Tabacco');
INSERT INTO product (store_id, barcode, name, milliliters, category, sub_category, purchase_price, retail_price, description, image_url, flavor) VALUES ('PUFF_STORE', '8051234568129', 'Super Flavor Tabacco Liquid', 50, 'LIQUIDO', 'AROMA', 5.13, 9.23, 'Liquido per sigaretta elettronica al gusto di tabacco.', 'https://via.placeholder.com/500x500.png?text=Super+Flavor+Tabacco', 'Tabacco');
INSERT INTO product (store_id, barcode, name, milliliters, category, sub_category, purchase_price, retail_price, description, image_url, flavor) VALUES ('PROFESSIONAL_VAPE', '8051234568130', 'La Tabaccheria Limone Liquid', 60, 'LIQUIDO', 'AROMA', 5.37, 9.67, 'Liquido per sigaretta elettronica al gusto di limone.', 'https://via.placeholder.com/500x500.png?text=La+Tabaccheria+Limone', 'Limone');
INSERT INTO product (store_id, barcode, name, milliliters, category, sub_category, purchase_price, retail_price, description, image_url, flavor) VALUES ('PUFF_STORE', '8051234568130', 'La Tabaccheria Limone Liquid', 60, 'LIQUIDO', 'AROMA', 5.37, 9.67, 'Liquido per sigaretta elettronica al gusto di limone.', 'https://via.placeholder.com/500x500.png?text=La+Tabaccheria+Limone', 'Limone');
INSERT INTO product (store_id, barcode, name, milliliters, category, sub_category, purchase_price, retail_price, description, image_url, flavor) VALUES ('PROFESSIONAL_VAPE', '8051234568131', 'La Tabaccheria Ghiaccio Liquid', 50, 'LIQUIDO', 'MINI_SHOT', 7.34, 13.21, 'Liquido per sigaretta elettronica al gusto di ghiaccio.', 'https://via.placeholder.com/500x500.png?text=La+Tabaccheria+Ghiaccio', 'Ghiaccio');
INSERT INTO product (store_id, barcode, name, milliliters, category, sub_category, purchase_price, retail_price, description, image_url, flavor) VALUES ('PUFF_STORE', '8051234568131', 'La Tabaccheria Ghiaccio Liquid', 50, 'LIQUIDO', 'MINI_SHOT', 7.34, 13.21, 'Liquido per sigaretta elettronica al gusto di ghiaccio.', 'https://via.placeholder.com/500x500.png?text=La+Tabaccheria+Ghiaccio', 'Ghiaccio');
INSERT INTO product (store_id, barcode, name, milliliters, category, sub_category, purchase_price, retail_price, description, image_url, flavor) VALUES ('PROFESSIONAL_VAPE', '8051234568132', 'La Tabaccheria Frutti Rossi Liquid', 50, 'LIQUIDO', 'TPD', 7.23, 13.01, 'Liquido per sigaretta elettronica al gusto di frutti rossi.', 'https://via.placeholder.com/500x500.png?text=La+Tabaccheria+Frutti+Rossi', 'Frutti Rossi');
INSERT INTO product (store_id, barcode, name, milliliters, category, sub_category, purchase_price, retail_price, description, image_url, flavor) VALUES ('PUFF_STORE', '8051234568132', 'La Tabaccheria Frutti Rossi Liquid', 50, 'LIQUIDO', 'TPD', 7.23, 13.01, 'Liquido per sigaretta elettronica al gusto di frutti rossi.', 'https://via.placeholder.com/500x500.png?text=La+Tabaccheria+Frutti+Rossi', 'Frutti Rossi');
INSERT INTO product (store_id, barcode, name, milliliters, category, sub_category, purchase_price, retail_price, description, image_url, flavor) VALUES ('PROFESSIONAL_VAPE', '8051234568133', 'Dea Flavor Crema Liquid', 20, 'LIQUIDO', 'NICOTINE_SHOT', 5.53, 9.95, 'Liquido per sigaretta elettronica al gusto di crema.', 'https://via.placeholder.com/500x500.png?text=Dea+Flavor+Crema', 'Crema');
INSERT INTO product (store_id, barcode, name, milliliters, category, sub_category, purchase_price, retail_price, description, image_url, flavor) VALUES ('PUFF_STORE', '8051234568133', 'Dea Flavor Crema Liquid', 20, 'LIQUIDO', 'NICOTINE_SHOT', 5.53, 9.95, 'Liquido per sigaretta elettronica al gusto di crema.', 'https://via.placeholder.com/500x500.png?text=Dea+Flavor+Crema', 'Crema');
INSERT INTO product (store_id, barcode, name, milliliters, category, sub_category, purchase_price, retail_price, description, image_url, flavor) VALUES ('PROFESSIONAL_VAPE', '8051234568134', 'Vaporart Tabacco Liquid', 10, 'LIQUIDO', 'AROMA', 3.11, 5.6, 'Liquido per sigaretta elettronica al gusto di tabacco.', 'https://via.placeholder.com/500x500.png?text=Vaporart+Tabacco', 'Tabacco');
INSERT INTO product (store_id, barcode, name, milliliters, category, sub_category, purchase_price, retail_price, description, image_url, flavor) VALUES ('PUFF_STORE', '8051234568134', 'Vaporart Tabacco Liquid', 10, 'LIQUIDO', 'AROMA', 3.11, 5.6, 'Liquido per sigaretta elettronica al gusto di tabacco.', 'https://via.placeholder.com/500x500.png?text=Vaporart+Tabacco', 'Tabacco');
INSERT INTO product (store_id, barcode, name, milliliters, category, sub_category, purchase_price, retail_price, description, image_url, color) VALUES ('PROFESSIONAL_VAPE', '8051234568135', 'Vaporesso Mod Argento', NULL, 'HARDWARE', 'STARTER_KIT', 43.3, 69.28, 'Dispositivo hardware Vaporesso Mod colorazione Argento.', 'https://via.placeholder.com/500x500.png?text=Vaporesso+Mod', 'Argento');
INSERT INTO product (store_id, barcode, name, milliliters, category, sub_category, purchase_price, retail_price, description, image_url, color) VALUES ('PUFF_STORE', '8051234568135', 'Vaporesso Mod Argento', NULL, 'HARDWARE', 'STARTER_KIT', 43.3, 69.28, 'Dispositivo hardware Vaporesso Mod colorazione Argento.', 'https://via.placeholder.com/500x500.png?text=Vaporesso+Mod', 'Argento');
INSERT INTO product (store_id, barcode, name, milliliters, category, sub_category, purchase_price, retail_price, description, image_url, flavor) VALUES ('PROFESSIONAL_VAPE', '8051234568136', 'Azhad Elixir Melone Liquid', 20, 'LIQUIDO', 'NICOTINE_SHOT', 5.34, 9.61, 'Liquido per sigaretta elettronica al gusto di melone.', 'https://via.placeholder.com/500x500.png?text=Azhad+Elixir+Melone', 'Melone');
INSERT INTO product (store_id, barcode, name, milliliters, category, sub_category, purchase_price, retail_price, description, image_url, flavor) VALUES ('PUFF_STORE', '8051234568136', 'Azhad Elixir Melone Liquid', 20, 'LIQUIDO', 'NICOTINE_SHOT', 5.34, 9.61, 'Liquido per sigaretta elettronica al gusto di melone.', 'https://via.placeholder.com/500x500.png?text=Azhad+Elixir+Melone', 'Melone');
INSERT INTO product (store_id, barcode, name, milliliters, category, sub_category, purchase_price, retail_price, description, image_url, color) VALUES ('PROFESSIONAL_VAPE', '8051234568137', 'Vaporesso Kit Rainbow', NULL, 'HARDWARE', 'STARTER_KIT', 19.38, 31.01, 'Dispositivo hardware Vaporesso Kit colorazione Rainbow.', 'https://via.placeholder.com/500x500.png?text=Vaporesso+Kit', 'Rainbow');
INSERT INTO product (store_id, barcode, name, milliliters, category, sub_category, purchase_price, retail_price, description, image_url, color) VALUES ('PUFF_STORE', '8051234568137', 'Vaporesso Kit Rainbow', NULL, 'HARDWARE', 'STARTER_KIT', 19.38, 31.01, 'Dispositivo hardware Vaporesso Kit colorazione Rainbow.', 'https://via.placeholder.com/500x500.png?text=Vaporesso+Kit', 'Rainbow');
INSERT INTO product (store_id, barcode, name, milliliters, category, sub_category, purchase_price, retail_price, description, image_url, flavor) VALUES ('PROFESSIONAL_VAPE', '8051234568138', 'TNT Vape Melone Liquid', 60, 'LIQUIDO', 'NICOTINE_SHOT', 3.92, 7.06, 'Liquido per sigaretta elettronica al gusto di melone.', 'https://via.placeholder.com/500x500.png?text=TNT+Vape+Melone', 'Melone');
INSERT INTO product (store_id, barcode, name, milliliters, category, sub_category, purchase_price, retail_price, description, image_url, flavor) VALUES ('PUFF_STORE', '8051234568138', 'TNT Vape Melone Liquid', 60, 'LIQUIDO', 'NICOTINE_SHOT', 3.92, 7.06, 'Liquido per sigaretta elettronica al gusto di melone.', 'https://via.placeholder.com/500x500.png?text=TNT+Vape+Melone', 'Melone');
INSERT INTO product (store_id, barcode, name, milliliters, category, sub_category, purchase_price, retail_price, description, image_url, flavor) VALUES ('PROFESSIONAL_VAPE', '8051234568139', 'Suprem-e Tabacco Liquid', 10, 'LIQUIDO', 'TPD', 3.27, 5.89, 'Liquido per sigaretta elettronica al gusto di tabacco.', 'https://via.placeholder.com/500x500.png?text=Suprem-e+Tabacco', 'Tabacco');
INSERT INTO product (store_id, barcode, name, milliliters, category, sub_category, purchase_price, retail_price, description, image_url, flavor) VALUES ('PUFF_STORE', '8051234568139', 'Suprem-e Tabacco Liquid', 10, 'LIQUIDO', 'TPD', 3.27, 5.89, 'Liquido per sigaretta elettronica al gusto di tabacco.', 'https://via.placeholder.com/500x500.png?text=Suprem-e+Tabacco', 'Tabacco');
INSERT INTO product (store_id, barcode, name, milliliters, category, sub_category, purchase_price, retail_price, description, image_url, color) VALUES ('PROFESSIONAL_VAPE', '8051234568140', 'Aspire Tank Blu', NULL, 'HARDWARE', 'ACCESSORY', 26.26, 42.02, 'Dispositivo hardware Aspire Tank colorazione Blu.', 'https://via.placeholder.com/500x500.png?text=Aspire+Tank', 'Blu');
INSERT INTO product (store_id, barcode, name, milliliters, category, sub_category, purchase_price, retail_price, description, image_url, color) VALUES ('PUFF_STORE', '8051234568140', 'Aspire Tank Blu', NULL, 'HARDWARE', 'ACCESSORY', 26.26, 42.02, 'Dispositivo hardware Aspire Tank colorazione Blu.', 'https://via.placeholder.com/500x500.png?text=Aspire+Tank', 'Blu');
INSERT INTO product (store_id, barcode, name, milliliters, category, sub_category, purchase_price, retail_price, description, image_url, color) VALUES ('PROFESSIONAL_VAPE', '8051234568141', 'Geekvape Tank Gunmetal', NULL, 'HARDWARE', 'POD_MOD', 29.81, 47.7, 'Dispositivo hardware Geekvape Tank colorazione Gunmetal.', 'https://via.placeholder.com/500x500.png?text=Geekvape+Tank', 'Gunmetal');
INSERT INTO product (store_id, barcode, name, milliliters, category, sub_category, purchase_price, retail_price, description, image_url, color) VALUES ('PUFF_STORE', '8051234568141', 'Geekvape Tank Gunmetal', NULL, 'HARDWARE', 'POD_MOD', 29.81, 47.7, 'Dispositivo hardware Geekvape Tank colorazione Gunmetal.', 'https://via.placeholder.com/500x500.png?text=Geekvape+Tank', 'Gunmetal');
INSERT INTO product (store_id, barcode, name, milliliters, category, sub_category, purchase_price, retail_price, description, image_url, color) VALUES ('PROFESSIONAL_VAPE', '8051234568142', 'Innokin Coil Gunmetal', NULL, 'HARDWARE', 'ACCESSORY', 32.31, 51.7, 'Dispositivo hardware Innokin Coil colorazione Gunmetal.', 'https://via.placeholder.com/500x500.png?text=Innokin+Coil', 'Gunmetal');
INSERT INTO product (store_id, barcode, name, milliliters, category, sub_category, purchase_price, retail_price, description, image_url, color) VALUES ('PUFF_STORE', '8051234568142', 'Innokin Coil Gunmetal', NULL, 'HARDWARE', 'ACCESSORY', 32.31, 51.7, 'Dispositivo hardware Innokin Coil colorazione Gunmetal.', 'https://via.placeholder.com/500x500.png?text=Innokin+Coil', 'Gunmetal');
INSERT INTO product (store_id, barcode, name, milliliters, category, sub_category, purchase_price, retail_price, description, image_url, flavor) VALUES ('PROFESSIONAL_VAPE', '8051234568143', 'Azhad Elixir Melone Liquid', 60, 'LIQUIDO', 'AROMA', 6.08, 10.94, 'Liquido per sigaretta elettronica al gusto di melone.', 'https://via.placeholder.com/500x500.png?text=Azhad+Elixir+Melone', 'Melone');
INSERT INTO product (store_id, barcode, name, milliliters, category, sub_category, purchase_price, retail_price, description, image_url, flavor) VALUES ('PUFF_STORE', '8051234568143', 'Azhad Elixir Melone Liquid', 60, 'LIQUIDO', 'AROMA', 6.08, 10.94, 'Liquido per sigaretta elettronica al gusto di melone.', 'https://via.placeholder.com/500x500.png?text=Azhad+Elixir+Melone', 'Melone');
INSERT INTO product (store_id, barcode, name, milliliters, category, sub_category, purchase_price, retail_price, description, image_url, flavor) VALUES ('PROFESSIONAL_VAPE', '8051234568144', 'Dea Flavor Ghiaccio Liquid', 20, 'LIQUIDO', 'SHOT', 2.9, 5.22, 'Liquido per sigaretta elettronica al gusto di ghiaccio.', 'https://via.placeholder.com/500x500.png?text=Dea+Flavor+Ghiaccio', 'Ghiaccio');
INSERT INTO product (store_id, barcode, name, milliliters, category, sub_category, purchase_price, retail_price, description, image_url, flavor) VALUES ('PUFF_STORE', '8051234568144', 'Dea Flavor Ghiaccio Liquid', 20, 'LIQUIDO', 'SHOT', 2.9, 5.22, 'Liquido per sigaretta elettronica al gusto di ghiaccio.', 'https://via.placeholder.com/500x500.png?text=Dea+Flavor+Ghiaccio', 'Ghiaccio');
INSERT INTO product (store_id, barcode, name, milliliters, category, sub_category, purchase_price, retail_price, description, image_url, flavor) VALUES ('PROFESSIONAL_VAPE', '8051234568145', 'Dea Flavor Ghiaccio Liquid', 10, 'LIQUIDO', 'AROMA', 7.69, 13.84, 'Liquido per sigaretta elettronica al gusto di ghiaccio.', 'https://via.placeholder.com/500x500.png?text=Dea+Flavor+Ghiaccio', 'Ghiaccio');
INSERT INTO product (store_id, barcode, name, milliliters, category, sub_category, purchase_price, retail_price, description, image_url, flavor) VALUES ('PUFF_STORE', '8051234568145', 'Dea Flavor Ghiaccio Liquid', 10, 'LIQUIDO', 'AROMA', 7.69, 13.84, 'Liquido per sigaretta elettronica al gusto di ghiaccio.', 'https://via.placeholder.com/500x500.png?text=Dea+Flavor+Ghiaccio', 'Ghiaccio');
INSERT INTO product (store_id, barcode, name, milliliters, category, sub_category, purchase_price, retail_price, description, image_url, flavor) VALUES ('PROFESSIONAL_VAPE', '8051234568146', 'Valkiria Vaniglia Liquid', 60, 'LIQUIDO', 'TPD', 4.5, 8.1, 'Liquido per sigaretta elettronica al gusto di vaniglia.', 'https://via.placeholder.com/500x500.png?text=Valkiria+Vaniglia', 'Vaniglia');
INSERT INTO product (store_id, barcode, name, milliliters, category, sub_category, purchase_price, retail_price, description, image_url, flavor) VALUES ('PUFF_STORE', '8051234568146', 'Valkiria Vaniglia Liquid', 60, 'LIQUIDO', 'TPD', 4.5, 8.1, 'Liquido per sigaretta elettronica al gusto di vaniglia.', 'https://via.placeholder.com/500x500.png?text=Valkiria+Vaniglia', 'Vaniglia');
INSERT INTO product (store_id, barcode, name, milliliters, category, sub_category, purchase_price, retail_price, description, image_url, flavor) VALUES ('PROFESSIONAL_VAPE', '8051234568147', 'Suprem-e Menta Liquid', 50, 'LIQUIDO', 'SHOT', 5.29, 9.52, 'Liquido per sigaretta elettronica al gusto di menta.', 'https://via.placeholder.com/500x500.png?text=Suprem-e+Menta', 'Menta');
INSERT INTO product (store_id, barcode, name, milliliters, category, sub_category, purchase_price, retail_price, description, image_url, flavor) VALUES ('PUFF_STORE', '8051234568147', 'Suprem-e Menta Liquid', 50, 'LIQUIDO', 'SHOT', 5.29, 9.52, 'Liquido per sigaretta elettronica al gusto di menta.', 'https://via.placeholder.com/500x500.png?text=Suprem-e+Menta', 'Menta');
INSERT INTO product (store_id, barcode, name, milliliters, category, sub_category, purchase_price, retail_price, description, image_url, flavor) VALUES ('PROFESSIONAL_VAPE', '8051234568148', 'Super Flavor Fragola Liquid', 20, 'LIQUIDO', 'MINI_SHOT', 2.6, 4.68, 'Liquido per sigaretta elettronica al gusto di fragola.', 'https://via.placeholder.com/500x500.png?text=Super+Flavor+Fragola', 'Fragola');
INSERT INTO product (store_id, barcode, name, milliliters, category, sub_category, purchase_price, retail_price, description, image_url, flavor) VALUES ('PUFF_STORE', '8051234568148', 'Super Flavor Fragola Liquid', 20, 'LIQUIDO', 'MINI_SHOT', 2.6, 4.68, 'Liquido per sigaretta elettronica al gusto di fragola.', 'https://via.placeholder.com/500x500.png?text=Super+Flavor+Fragola', 'Fragola');
INSERT INTO product (store_id, barcode, name, milliliters, category, sub_category, purchase_price, retail_price, description, image_url, flavor) VALUES ('PROFESSIONAL_VAPE', '8051234568149', 'Vaporart Ghiaccio Liquid', 60, 'LIQUIDO', 'NICOTINE_SHOT', 2.28, 4.1, 'Liquido per sigaretta elettronica al gusto di ghiaccio.', 'https://via.placeholder.com/500x500.png?text=Vaporart+Ghiaccio', 'Ghiaccio');
INSERT INTO product (store_id, barcode, name, milliliters, category, sub_category, purchase_price, retail_price, description, image_url, flavor) VALUES ('PUFF_STORE', '8051234568149', 'Vaporart Ghiaccio Liquid', 60, 'LIQUIDO', 'NICOTINE_SHOT', 2.28, 4.1, 'Liquido per sigaretta elettronica al gusto di ghiaccio.', 'https://via.placeholder.com/500x500.png?text=Vaporart+Ghiaccio', 'Ghiaccio');
INSERT INTO product (store_id, barcode, name, milliliters, category, sub_category, purchase_price, retail_price, description, image_url, flavor) VALUES ('PROFESSIONAL_VAPE', '8051234568150', 'Azhad Elixir Menta Liquid', 20, 'LIQUIDO', 'MINI_SHOT', 8.0, 14.4, 'Liquido per sigaretta elettronica al gusto di menta.', 'https://via.placeholder.com/500x500.png?text=Azhad+Elixir+Menta', 'Menta');
INSERT INTO product (store_id, barcode, name, milliliters, category, sub_category, purchase_price, retail_price, description, image_url, flavor) VALUES ('PUFF_STORE', '8051234568150', 'Azhad Elixir Menta Liquid', 20, 'LIQUIDO', 'MINI_SHOT', 8.0, 14.4, 'Liquido per sigaretta elettronica al gusto di menta.', 'https://via.placeholder.com/500x500.png?text=Azhad+Elixir+Menta', 'Menta');
INSERT INTO product (store_id, barcode, name, milliliters, category, sub_category, purchase_price, retail_price, description, image_url, flavor) VALUES ('PROFESSIONAL_VAPE', '8051234568151', 'Azhad Elixir Fragola Liquid', 20, 'LIQUIDO', 'TPD', 7.57, 13.63, 'Liquido per sigaretta elettronica al gusto di fragola.', 'https://via.placeholder.com/500x500.png?text=Azhad+Elixir+Fragola', 'Fragola');
INSERT INTO product (store_id, barcode, name, milliliters, category, sub_category, purchase_price, retail_price, description, image_url, flavor) VALUES ('PUFF_STORE', '8051234568151', 'Azhad Elixir Fragola Liquid', 20, 'LIQUIDO', 'TPD', 7.57, 13.63, 'Liquido per sigaretta elettronica al gusto di fragola.', 'https://via.placeholder.com/500x500.png?text=Azhad+Elixir+Fragola', 'Fragola');
INSERT INTO product (store_id, barcode, name, milliliters, category, sub_category, purchase_price, retail_price, description, image_url, flavor) VALUES ('PROFESSIONAL_VAPE', '8051234568152', 'Galactika Ghiaccio Liquid', 60, 'LIQUIDO', 'MINI_SHOT', 2.7, 4.86, 'Liquido per sigaretta elettronica al gusto di ghiaccio.', 'https://via.placeholder.com/500x500.png?text=Galactika+Ghiaccio', 'Ghiaccio');
INSERT INTO product (store_id, barcode, name, milliliters, category, sub_category, purchase_price, retail_price, description, image_url, flavor) VALUES ('PUFF_STORE', '8051234568152', 'Galactika Ghiaccio Liquid', 60, 'LIQUIDO', 'MINI_SHOT', 2.7, 4.86, 'Liquido per sigaretta elettronica al gusto di ghiaccio.', 'https://via.placeholder.com/500x500.png?text=Galactika+Ghiaccio', 'Ghiaccio');
INSERT INTO product (store_id, barcode, name, milliliters, category, sub_category, purchase_price, retail_price, description, image_url, color) VALUES ('PROFESSIONAL_VAPE', '8051234568153', 'Geekvape Coil Nero', NULL, 'HARDWARE', 'ATOMIZER_RTA', 41.27, 66.03, 'Dispositivo hardware Geekvape Coil colorazione Nero.', 'https://via.placeholder.com/500x500.png?text=Geekvape+Coil', 'Nero');
INSERT INTO product (store_id, barcode, name, milliliters, category, sub_category, purchase_price, retail_price, description, image_url, color) VALUES ('PUFF_STORE', '8051234568153', 'Geekvape Coil Nero', NULL, 'HARDWARE', 'ATOMIZER_RTA', 41.27, 66.03, 'Dispositivo hardware Geekvape Coil colorazione Nero.', 'https://via.placeholder.com/500x500.png?text=Geekvape+Coil', 'Nero');
INSERT INTO product (store_id, barcode, name, milliliters, category, sub_category, purchase_price, retail_price, description, image_url, color) VALUES ('PROFESSIONAL_VAPE', '8051234568154', 'Eleaf Coil Blu', NULL, 'HARDWARE', 'POD_ACCESSORY', 30.74, 49.18, 'Dispositivo hardware Eleaf Coil colorazione Blu.', 'https://via.placeholder.com/500x500.png?text=Eleaf+Coil', 'Blu');
INSERT INTO product (store_id, barcode, name, milliliters, category, sub_category, purchase_price, retail_price, description, image_url, color) VALUES ('PUFF_STORE', '8051234568154', 'Eleaf Coil Blu', NULL, 'HARDWARE', 'POD_ACCESSORY', 30.74, 49.18, 'Dispositivo hardware Eleaf Coil colorazione Blu.', 'https://via.placeholder.com/500x500.png?text=Eleaf+Coil', 'Blu');
INSERT INTO product (store_id, barcode, name, milliliters, category, sub_category, purchase_price, retail_price, description, image_url, color) VALUES ('PROFESSIONAL_VAPE', '8051234568155', 'VooPoo Kit Rainbow', NULL, 'HARDWARE', 'ATOMIZER_RTA', 14.5, 23.2, 'Dispositivo hardware VooPoo Kit colorazione Rainbow.', 'https://via.placeholder.com/500x500.png?text=VooPoo+Kit', 'Rainbow');
INSERT INTO product (store_id, barcode, name, milliliters, category, sub_category, purchase_price, retail_price, description, image_url, color) VALUES ('PUFF_STORE', '8051234568155', 'VooPoo Kit Rainbow', NULL, 'HARDWARE', 'ATOMIZER_RTA', 14.5, 23.2, 'Dispositivo hardware VooPoo Kit colorazione Rainbow.', 'https://via.placeholder.com/500x500.png?text=VooPoo+Kit', 'Rainbow');
INSERT INTO product (store_id, barcode, name, milliliters, category, sub_category, purchase_price, retail_price, description, image_url, flavor) VALUES ('PROFESSIONAL_VAPE', '8051234568156', 'Azhad Elixir Menta Liquid', 20, 'LIQUIDO', 'MINI_SHOT', 4.3, 7.74, 'Liquido per sigaretta elettronica al gusto di menta.', 'https://via.placeholder.com/500x500.png?text=Azhad+Elixir+Menta', 'Menta');
INSERT INTO product (store_id, barcode, name, milliliters, category, sub_category, purchase_price, retail_price, description, image_url, flavor) VALUES ('PUFF_STORE', '8051234568156', 'Azhad Elixir Menta Liquid', 20, 'LIQUIDO', 'MINI_SHOT', 4.3, 7.74, 'Liquido per sigaretta elettronica al gusto di menta.', 'https://via.placeholder.com/500x500.png?text=Azhad+Elixir+Menta', 'Menta');
INSERT INTO product (store_id, barcode, name, milliliters, category, sub_category, purchase_price, retail_price, description, image_url, flavor) VALUES ('PROFESSIONAL_VAPE', '8051234568157', 'La Tabaccheria Fragola Liquid', 50, 'LIQUIDO', 'NICOTINE_SHOT', 3.32, 5.98, 'Liquido per sigaretta elettronica al gusto di fragola.', 'https://via.placeholder.com/500x500.png?text=La+Tabaccheria+Fragola', 'Fragola');
INSERT INTO product (store_id, barcode, name, milliliters, category, sub_category, purchase_price, retail_price, description, image_url, flavor) VALUES ('PUFF_STORE', '8051234568157', 'La Tabaccheria Fragola Liquid', 50, 'LIQUIDO', 'NICOTINE_SHOT', 3.32, 5.98, 'Liquido per sigaretta elettronica al gusto di fragola.', 'https://via.placeholder.com/500x500.png?text=La+Tabaccheria+Fragola', 'Fragola');
INSERT INTO product (store_id, barcode, name, milliliters, category, sub_category, purchase_price, retail_price, description, image_url, flavor) VALUES ('PROFESSIONAL_VAPE', '8051234568158', 'Azhad Elixir Caffè Liquid', 50, 'LIQUIDO', 'SHOT', 5.71, 10.28, 'Liquido per sigaretta elettronica al gusto di caffè.', 'https://via.placeholder.com/500x500.png?text=Azhad+Elixir+Caffè', 'Caffè');
INSERT INTO product (store_id, barcode, name, milliliters, category, sub_category, purchase_price, retail_price, description, image_url, flavor) VALUES ('PUFF_STORE', '8051234568158', 'Azhad Elixir Caffè Liquid', 50, 'LIQUIDO', 'SHOT', 5.71, 10.28, 'Liquido per sigaretta elettronica al gusto di caffè.', 'https://via.placeholder.com/500x500.png?text=Azhad+Elixir+Caffè', 'Caffè');
INSERT INTO product (store_id, barcode, name, milliliters, category, sub_category, purchase_price, retail_price, description, image_url, color) VALUES ('PROFESSIONAL_VAPE', '8051234568159', 'Geekvape Kit Rainbow', NULL, 'HARDWARE', 'POD_ACCESSORY', 28.2, 45.12, 'Dispositivo hardware Geekvape Kit colorazione Rainbow.', 'https://via.placeholder.com/500x500.png?text=Geekvape+Kit', 'Rainbow');
INSERT INTO product (store_id, barcode, name, milliliters, category, sub_category, purchase_price, retail_price, description, image_url, color) VALUES ('PUFF_STORE', '8051234568159', 'Geekvape Kit Rainbow', NULL, 'HARDWARE', 'POD_ACCESSORY', 28.2, 45.12, 'Dispositivo hardware Geekvape Kit colorazione Rainbow.', 'https://via.placeholder.com/500x500.png?text=Geekvape+Kit', 'Rainbow');
INSERT INTO product (store_id, barcode, name, milliliters, category, sub_category, purchase_price, retail_price, description, image_url, flavor) VALUES ('PROFESSIONAL_VAPE', '8051234568160', 'Galactika Crema Liquid', 60, 'LIQUIDO', 'MINI_SHOT', 7.04, 12.67, 'Liquido per sigaretta elettronica al gusto di crema.', 'https://via.placeholder.com/500x500.png?text=Galactika+Crema', 'Crema');
INSERT INTO product (store_id, barcode, name, milliliters, category, sub_category, purchase_price, retail_price, description, image_url, flavor) VALUES ('PUFF_STORE', '8051234568160', 'Galactika Crema Liquid', 60, 'LIQUIDO', 'MINI_SHOT', 7.04, 12.67, 'Liquido per sigaretta elettronica al gusto di crema.', 'https://via.placeholder.com/500x500.png?text=Galactika+Crema', 'Crema');
INSERT INTO product (store_id, barcode, name, milliliters, category, sub_category, purchase_price, retail_price, description, image_url, flavor) VALUES ('PROFESSIONAL_VAPE', '8051234568161', 'Azhad Elixir Vaniglia Liquid', 20, 'LIQUIDO', 'TPD', 3.68, 6.62, 'Liquido per sigaretta elettronica al gusto di vaniglia.', 'https://via.placeholder.com/500x500.png?text=Azhad+Elixir+Vaniglia', 'Vaniglia');
INSERT INTO product (store_id, barcode, name, milliliters, category, sub_category, purchase_price, retail_price, description, image_url, flavor) VALUES ('PUFF_STORE', '8051234568161', 'Azhad Elixir Vaniglia Liquid', 20, 'LIQUIDO', 'TPD', 3.68, 6.62, 'Liquido per sigaretta elettronica al gusto di vaniglia.', 'https://via.placeholder.com/500x500.png?text=Azhad+Elixir+Vaniglia', 'Vaniglia');
INSERT INTO product (store_id, barcode, name, milliliters, category, sub_category, purchase_price, retail_price, description, image_url, color) VALUES ('PROFESSIONAL_VAPE', '8051234568162', 'Geekvape Tank Gunmetal', NULL, 'HARDWARE', 'BATTERY_BOX', 36.25, 58.0, 'Dispositivo hardware Geekvape Tank colorazione Gunmetal.', 'https://via.placeholder.com/500x500.png?text=Geekvape+Tank', 'Gunmetal');
INSERT INTO product (store_id, barcode, name, milliliters, category, sub_category, purchase_price, retail_price, description, image_url, color) VALUES ('PUFF_STORE', '8051234568162', 'Geekvape Tank Gunmetal', NULL, 'HARDWARE', 'BATTERY_BOX', 36.25, 58.0, 'Dispositivo hardware Geekvape Tank colorazione Gunmetal.', 'https://via.placeholder.com/500x500.png?text=Geekvape+Tank', 'Gunmetal');
INSERT INTO product (store_id, barcode, name, milliliters, category, sub_category, purchase_price, retail_price, description, image_url, flavor) VALUES ('PROFESSIONAL_VAPE', '8051234568163', 'Dea Flavor Fragola Liquid', 60, 'LIQUIDO', 'AROMA', 7.55, 13.59, 'Liquido per sigaretta elettronica al gusto di fragola.', 'https://via.placeholder.com/500x500.png?text=Dea+Flavor+Fragola', 'Fragola');
INSERT INTO product (store_id, barcode, name, milliliters, category, sub_category, purchase_price, retail_price, description, image_url, flavor) VALUES ('PUFF_STORE', '8051234568163', 'Dea Flavor Fragola Liquid', 60, 'LIQUIDO', 'AROMA', 7.55, 13.59, 'Liquido per sigaretta elettronica al gusto di fragola.', 'https://via.placeholder.com/500x500.png?text=Dea+Flavor+Fragola', 'Fragola');
INSERT INTO product (store_id, barcode, name, milliliters, category, sub_category, purchase_price, retail_price, description, image_url, flavor) VALUES ('PROFESSIONAL_VAPE', '8051234568164', 'Valkiria Menta Liquid', 10, 'LIQUIDO', 'SHOT', 7.88, 14.18, 'Liquido per sigaretta elettronica al gusto di menta.', 'https://via.placeholder.com/500x500.png?text=Valkiria+Menta', 'Menta');
INSERT INTO product (store_id, barcode, name, milliliters, category, sub_category, purchase_price, retail_price, description, image_url, flavor) VALUES ('PUFF_STORE', '8051234568164', 'Valkiria Menta Liquid', 10, 'LIQUIDO', 'SHOT', 7.88, 14.18, 'Liquido per sigaretta elettronica al gusto di menta.', 'https://via.placeholder.com/500x500.png?text=Valkiria+Menta', 'Menta');
INSERT INTO product (store_id, barcode, name, milliliters, category, sub_category, purchase_price, retail_price, description, image_url, flavor) VALUES ('PROFESSIONAL_VAPE', '8051234568165', 'Vaporart Limone Liquid', 10, 'LIQUIDO', 'AROMA', 7.32, 13.18, 'Liquido per sigaretta elettronica al gusto di limone.', 'https://via.placeholder.com/500x500.png?text=Vaporart+Limone', 'Limone');
INSERT INTO product (store_id, barcode, name, milliliters, category, sub_category, purchase_price, retail_price, description, image_url, flavor) VALUES ('PUFF_STORE', '8051234568165', 'Vaporart Limone Liquid', 10, 'LIQUIDO', 'AROMA', 7.32, 13.18, 'Liquido per sigaretta elettronica al gusto di limone.', 'https://via.placeholder.com/500x500.png?text=Vaporart+Limone', 'Limone');
INSERT INTO product (store_id, barcode, name, milliliters, category, sub_category, purchase_price, retail_price, description, image_url, flavor) VALUES ('PROFESSIONAL_VAPE', '8051234568166', 'Valkiria Ghiaccio Liquid', 60, 'LIQUIDO', 'NICOTINE_SHOT', 2.33, 4.19, 'Liquido per sigaretta elettronica al gusto di ghiaccio.', 'https://via.placeholder.com/500x500.png?text=Valkiria+Ghiaccio', 'Ghiaccio');
INSERT INTO product (store_id, barcode, name, milliliters, category, sub_category, purchase_price, retail_price, description, image_url, flavor) VALUES ('PUFF_STORE', '8051234568166', 'Valkiria Ghiaccio Liquid', 60, 'LIQUIDO', 'NICOTINE_SHOT', 2.33, 4.19, 'Liquido per sigaretta elettronica al gusto di ghiaccio.', 'https://via.placeholder.com/500x500.png?text=Valkiria+Ghiaccio', 'Ghiaccio');
INSERT INTO product (store_id, barcode, name, milliliters, category, sub_category, purchase_price, retail_price, description, image_url, color) VALUES ('PROFESSIONAL_VAPE', '8051234568167', 'Innokin Tank Nero', NULL, 'HARDWARE', 'POD_ACCESSORY', 15.78, 25.25, 'Dispositivo hardware Innokin Tank colorazione Nero.', 'https://via.placeholder.com/500x500.png?text=Innokin+Tank', 'Nero');
INSERT INTO product (store_id, barcode, name, milliliters, category, sub_category, purchase_price, retail_price, description, image_url, color) VALUES ('PUFF_STORE', '8051234568167', 'Innokin Tank Nero', NULL, 'HARDWARE', 'POD_ACCESSORY', 15.78, 25.25, 'Dispositivo hardware Innokin Tank colorazione Nero.', 'https://via.placeholder.com/500x500.png?text=Innokin+Tank', 'Nero');
INSERT INTO product (store_id, barcode, name, milliliters, category, sub_category, purchase_price, retail_price, description, image_url, color) VALUES ('PROFESSIONAL_VAPE', '8051234568168', 'Innokin Pod Nero', NULL, 'HARDWARE', 'STARTER_KIT', 11.65, 18.64, 'Dispositivo hardware Innokin Pod colorazione Nero.', 'https://via.placeholder.com/500x500.png?text=Innokin+Pod', 'Nero');
INSERT INTO product (store_id, barcode, name, milliliters, category, sub_category, purchase_price, retail_price, description, image_url, color) VALUES ('PUFF_STORE', '8051234568168', 'Innokin Pod Nero', NULL, 'HARDWARE', 'STARTER_KIT', 11.65, 18.64, 'Dispositivo hardware Innokin Pod colorazione Nero.', 'https://via.placeholder.com/500x500.png?text=Innokin+Pod', 'Nero');
INSERT INTO product (store_id, barcode, name, milliliters, category, sub_category, purchase_price, retail_price, description, image_url, flavor) VALUES ('PROFESSIONAL_VAPE', '8051234568169', 'Galactika Crema Liquid', 20, 'LIQUIDO', 'SHOT', 2.43, 4.37, 'Liquido per sigaretta elettronica al gusto di crema.', 'https://via.placeholder.com/500x500.png?text=Galactika+Crema', 'Crema');
INSERT INTO product (store_id, barcode, name, milliliters, category, sub_category, purchase_price, retail_price, description, image_url, flavor) VALUES ('PUFF_STORE', '8051234568169', 'Galactika Crema Liquid', 20, 'LIQUIDO', 'SHOT', 2.43, 4.37, 'Liquido per sigaretta elettronica al gusto di crema.', 'https://via.placeholder.com/500x500.png?text=Galactika+Crema', 'Crema');
INSERT INTO product (store_id, barcode, name, milliliters, category, sub_category, purchase_price, retail_price, description, image_url, flavor) VALUES ('PROFESSIONAL_VAPE', '8051234568170', 'Vaporart Frutti Rossi Liquid', 10, 'LIQUIDO', 'MINI_SHOT', 2.35, 4.23, 'Liquido per sigaretta elettronica al gusto di frutti rossi.', 'https://via.placeholder.com/500x500.png?text=Vaporart+Frutti+Rossi', 'Frutti Rossi');
INSERT INTO product (store_id, barcode, name, milliliters, category, sub_category, purchase_price, retail_price, description, image_url, flavor) VALUES ('PUFF_STORE', '8051234568170', 'Vaporart Frutti Rossi Liquid', 10, 'LIQUIDO', 'MINI_SHOT', 2.35, 4.23, 'Liquido per sigaretta elettronica al gusto di frutti rossi.', 'https://via.placeholder.com/500x500.png?text=Vaporart+Frutti+Rossi', 'Frutti Rossi');
INSERT INTO product (store_id, barcode, name, milliliters, category, sub_category, purchase_price, retail_price, description, image_url, flavor) VALUES ('PROFESSIONAL_VAPE', '8051234568171', 'La Tabaccheria Caffè Liquid', 20, 'LIQUIDO', 'NICOTINE_SHOT', 5.43, 9.77, 'Liquido per sigaretta elettronica al gusto di caffè.', 'https://via.placeholder.com/500x500.png?text=La+Tabaccheria+Caffè', 'Caffè');
INSERT INTO product (store_id, barcode, name, milliliters, category, sub_category, purchase_price, retail_price, description, image_url, flavor) VALUES ('PUFF_STORE', '8051234568171', 'La Tabaccheria Caffè Liquid', 20, 'LIQUIDO', 'NICOTINE_SHOT', 5.43, 9.77, 'Liquido per sigaretta elettronica al gusto di caffè.', 'https://via.placeholder.com/500x500.png?text=La+Tabaccheria+Caffè', 'Caffè');
INSERT INTO product (store_id, barcode, name, milliliters, category, sub_category, purchase_price, retail_price, description, image_url, color) VALUES ('PROFESSIONAL_VAPE', '8051234568172', 'Vaporesso Pod Argento', NULL, 'HARDWARE', 'POD_MOD', 40.43, 64.69, 'Dispositivo hardware Vaporesso Pod colorazione Argento.', 'https://via.placeholder.com/500x500.png?text=Vaporesso+Pod', 'Argento');
INSERT INTO product (store_id, barcode, name, milliliters, category, sub_category, purchase_price, retail_price, description, image_url, color) VALUES ('PUFF_STORE', '8051234568172', 'Vaporesso Pod Argento', NULL, 'HARDWARE', 'POD_MOD', 40.43, 64.69, 'Dispositivo hardware Vaporesso Pod colorazione Argento.', 'https://via.placeholder.com/500x500.png?text=Vaporesso+Pod', 'Argento');
INSERT INTO product (store_id, barcode, name, milliliters, category, sub_category, purchase_price, retail_price, description, image_url, flavor) VALUES ('PROFESSIONAL_VAPE', '8051234568173', 'La Tabaccheria Melone Liquid', 10, 'LIQUIDO', 'SHOT', 5.61, 10.1, 'Liquido per sigaretta elettronica al gusto di melone.', 'https://via.placeholder.com/500x500.png?text=La+Tabaccheria+Melone', 'Melone');
INSERT INTO product (store_id, barcode, name, milliliters, category, sub_category, purchase_price, retail_price, description, image_url, flavor) VALUES ('PUFF_STORE', '8051234568173', 'La Tabaccheria Melone Liquid', 10, 'LIQUIDO', 'SHOT', 5.61, 10.1, 'Liquido per sigaretta elettronica al gusto di melone.', 'https://via.placeholder.com/500x500.png?text=La+Tabaccheria+Melone', 'Melone');
INSERT INTO product (store_id, barcode, name, milliliters, category, sub_category, purchase_price, retail_price, description, image_url, color) VALUES ('PROFESSIONAL_VAPE', '8051234568174', 'Vaporesso Coil Rainbow', NULL, 'HARDWARE', 'ATOMIZER_RTA', 12.58, 20.13, 'Dispositivo hardware Vaporesso Coil colorazione Rainbow.', 'https://via.placeholder.com/500x500.png?text=Vaporesso+Coil', 'Rainbow');
INSERT INTO product (store_id, barcode, name, milliliters, category, sub_category, purchase_price, retail_price, description, image_url, color) VALUES ('PUFF_STORE', '8051234568174', 'Vaporesso Coil Rainbow', NULL, 'HARDWARE', 'ATOMIZER_RTA', 12.58, 20.13, 'Dispositivo hardware Vaporesso Coil colorazione Rainbow.', 'https://via.placeholder.com/500x500.png?text=Vaporesso+Coil', 'Rainbow');
INSERT INTO product (store_id, barcode, name, milliliters, category, sub_category, purchase_price, retail_price, description, image_url, color) VALUES ('PROFESSIONAL_VAPE', '8051234568175', 'Innokin Tank Gunmetal', NULL, 'HARDWARE', 'POD_MOD', 23.24, 37.18, 'Dispositivo hardware Innokin Tank colorazione Gunmetal.', 'https://via.placeholder.com/500x500.png?text=Innokin+Tank', 'Gunmetal');
INSERT INTO product (store_id, barcode, name, milliliters, category, sub_category, purchase_price, retail_price, description, image_url, color) VALUES ('PUFF_STORE', '8051234568175', 'Innokin Tank Gunmetal', NULL, 'HARDWARE', 'POD_MOD', 23.24, 37.18, 'Dispositivo hardware Innokin Tank colorazione Gunmetal.', 'https://via.placeholder.com/500x500.png?text=Innokin+Tank', 'Gunmetal');
INSERT INTO product (store_id, barcode, name, milliliters, category, sub_category, purchase_price, retail_price, description, image_url, color) VALUES ('PROFESSIONAL_VAPE', '8051234568176', 'Smok Coil Nero', NULL, 'HARDWARE', 'ATOMIZER_NON_RTA', 36.68, 58.69, 'Dispositivo hardware Smok Coil colorazione Nero.', 'https://via.placeholder.com/500x500.png?text=Smok+Coil', 'Nero');
INSERT INTO product (store_id, barcode, name, milliliters, category, sub_category, purchase_price, retail_price, description, image_url, color) VALUES ('PUFF_STORE', '8051234568176', 'Smok Coil Nero', NULL, 'HARDWARE', 'ATOMIZER_NON_RTA', 36.68, 58.69, 'Dispositivo hardware Smok Coil colorazione Nero.', 'https://via.placeholder.com/500x500.png?text=Smok+Coil', 'Nero');
INSERT INTO product (store_id, barcode, name, milliliters, category, sub_category, purchase_price, retail_price, description, image_url, flavor) VALUES ('PROFESSIONAL_VAPE', '8051234568177', 'Super Flavor Crema Liquid', 20, 'LIQUIDO', 'NICOTINE_SHOT', 5.89, 10.6, 'Liquido per sigaretta elettronica al gusto di crema.', 'https://via.placeholder.com/500x500.png?text=Super+Flavor+Crema', 'Crema');
INSERT INTO product (store_id, barcode, name, milliliters, category, sub_category, purchase_price, retail_price, description, image_url, flavor) VALUES ('PUFF_STORE', '8051234568177', 'Super Flavor Crema Liquid', 20, 'LIQUIDO', 'NICOTINE_SHOT', 5.89, 10.6, 'Liquido per sigaretta elettronica al gusto di crema.', 'https://via.placeholder.com/500x500.png?text=Super+Flavor+Crema', 'Crema');
INSERT INTO product (store_id, barcode, name, milliliters, category, sub_category, purchase_price, retail_price, description, image_url, flavor) VALUES ('PROFESSIONAL_VAPE', '8051234568178', 'Dea Flavor Frutti Rossi Liquid', 20, 'LIQUIDO', 'SHOT', 5.21, 9.38, 'Liquido per sigaretta elettronica al gusto di frutti rossi.', 'https://via.placeholder.com/500x500.png?text=Dea+Flavor+Frutti+Rossi', 'Frutti Rossi');
INSERT INTO product (store_id, barcode, name, milliliters, category, sub_category, purchase_price, retail_price, description, image_url, flavor) VALUES ('PUFF_STORE', '8051234568178', 'Dea Flavor Frutti Rossi Liquid', 20, 'LIQUIDO', 'SHOT', 5.21, 9.38, 'Liquido per sigaretta elettronica al gusto di frutti rossi.', 'https://via.placeholder.com/500x500.png?text=Dea+Flavor+Frutti+Rossi', 'Frutti Rossi');
INSERT INTO product (store_id, barcode, name, milliliters, category, sub_category, purchase_price, retail_price, description, image_url, color) VALUES ('PROFESSIONAL_VAPE', '8051234568179', 'Aspire Mod Rosso', NULL, 'HARDWARE', 'ATOMIZER_NON_RTA', 28.93, 46.29, 'Dispositivo hardware Aspire Mod colorazione Rosso.', 'https://via.placeholder.com/500x500.png?text=Aspire+Mod', 'Rosso');
INSERT INTO product (store_id, barcode, name, milliliters, category, sub_category, purchase_price, retail_price, description, image_url, color) VALUES ('PUFF_STORE', '8051234568179', 'Aspire Mod Rosso', NULL, 'HARDWARE', 'ATOMIZER_NON_RTA', 28.93, 46.29, 'Dispositivo hardware Aspire Mod colorazione Rosso.', 'https://via.placeholder.com/500x500.png?text=Aspire+Mod', 'Rosso');
INSERT INTO product (store_id, barcode, name, milliliters, category, sub_category, purchase_price, retail_price, description, image_url, flavor) VALUES ('PROFESSIONAL_VAPE', '8051234568180', 'La Tabaccheria Ghiaccio Liquid', 60, 'LIQUIDO', 'SHOT', 6.27, 11.29, 'Liquido per sigaretta elettronica al gusto di ghiaccio.', 'https://via.placeholder.com/500x500.png?text=La+Tabaccheria+Ghiaccio', 'Ghiaccio');
INSERT INTO product (store_id, barcode, name, milliliters, category, sub_category, purchase_price, retail_price, description, image_url, flavor) VALUES ('PUFF_STORE', '8051234568180', 'La Tabaccheria Ghiaccio Liquid', 60, 'LIQUIDO', 'SHOT', 6.27, 11.29, 'Liquido per sigaretta elettronica al gusto di ghiaccio.', 'https://via.placeholder.com/500x500.png?text=La+Tabaccheria+Ghiaccio', 'Ghiaccio');
INSERT INTO product (store_id, barcode, name, milliliters, category, sub_category, purchase_price, retail_price, description, image_url, flavor) VALUES ('PROFESSIONAL_VAPE', '8051234568181', 'Super Flavor Vaniglia Liquid', 10, 'LIQUIDO', 'NICOTINE_SHOT', 7.4, 13.32, 'Liquido per sigaretta elettronica al gusto di vaniglia.', 'https://via.placeholder.com/500x500.png?text=Super+Flavor+Vaniglia', 'Vaniglia');
INSERT INTO product (store_id, barcode, name, milliliters, category, sub_category, purchase_price, retail_price, description, image_url, flavor) VALUES ('PUFF_STORE', '8051234568181', 'Super Flavor Vaniglia Liquid', 10, 'LIQUIDO', 'NICOTINE_SHOT', 7.4, 13.32, 'Liquido per sigaretta elettronica al gusto di vaniglia.', 'https://via.placeholder.com/500x500.png?text=Super+Flavor+Vaniglia', 'Vaniglia');
INSERT INTO product (store_id, barcode, name, milliliters, category, sub_category, purchase_price, retail_price, description, image_url, flavor) VALUES ('PROFESSIONAL_VAPE', '8051234568182', 'Dea Flavor Melone Liquid', 10, 'LIQUIDO', 'NICOTINE_SHOT', 5.49, 9.88, 'Liquido per sigaretta elettronica al gusto di melone.', 'https://via.placeholder.com/500x500.png?text=Dea+Flavor+Melone', 'Melone');
INSERT INTO product (store_id, barcode, name, milliliters, category, sub_category, purchase_price, retail_price, description, image_url, flavor) VALUES ('PUFF_STORE', '8051234568182', 'Dea Flavor Melone Liquid', 10, 'LIQUIDO', 'NICOTINE_SHOT', 5.49, 9.88, 'Liquido per sigaretta elettronica al gusto di melone.', 'https://via.placeholder.com/500x500.png?text=Dea+Flavor+Melone', 'Melone');
INSERT INTO product (store_id, barcode, name, milliliters, category, sub_category, purchase_price, retail_price, description, image_url, flavor) VALUES ('PROFESSIONAL_VAPE', '8051234568183', 'Valkiria Limone Liquid', 10, 'LIQUIDO', 'NICOTINE_SHOT', 6.0, 10.8, 'Liquido per sigaretta elettronica al gusto di limone.', 'https://via.placeholder.com/500x500.png?text=Valkiria+Limone', 'Limone');
INSERT INTO product (store_id, barcode, name, milliliters, category, sub_category, purchase_price, retail_price, description, image_url, flavor) VALUES ('PUFF_STORE', '8051234568183', 'Valkiria Limone Liquid', 10, 'LIQUIDO', 'NICOTINE_SHOT', 6.0, 10.8, 'Liquido per sigaretta elettronica al gusto di limone.', 'https://via.placeholder.com/500x500.png?text=Valkiria+Limone', 'Limone');
INSERT INTO product (store_id, barcode, name, milliliters, category, sub_category, purchase_price, retail_price, description, image_url, color) VALUES ('PROFESSIONAL_VAPE', '8051234568184', 'Geekvape Tank Blu', NULL, 'HARDWARE', 'ACCESSORY', 38.81, 62.1, 'Dispositivo hardware Geekvape Tank colorazione Blu.', 'https://via.placeholder.com/500x500.png?text=Geekvape+Tank', 'Blu');
INSERT INTO product (store_id, barcode, name, milliliters, category, sub_category, purchase_price, retail_price, description, image_url, color) VALUES ('PUFF_STORE', '8051234568184', 'Geekvape Tank Blu', NULL, 'HARDWARE', 'ACCESSORY', 38.81, 62.1, 'Dispositivo hardware Geekvape Tank colorazione Blu.', 'https://via.placeholder.com/500x500.png?text=Geekvape+Tank', 'Blu');
INSERT INTO product (store_id, barcode, name, milliliters, category, sub_category, purchase_price, retail_price, description, image_url, color) VALUES ('PROFESSIONAL_VAPE', '8051234568185', 'Aspire Kit Blu', NULL, 'HARDWARE', 'ATOMIZER_NON_RTA', 29.35, 46.96, 'Dispositivo hardware Aspire Kit colorazione Blu.', 'https://via.placeholder.com/500x500.png?text=Aspire+Kit', 'Blu');
INSERT INTO product (store_id, barcode, name, milliliters, category, sub_category, purchase_price, retail_price, description, image_url, color) VALUES ('PUFF_STORE', '8051234568185', 'Aspire Kit Blu', NULL, 'HARDWARE', 'ATOMIZER_NON_RTA', 29.35, 46.96, 'Dispositivo hardware Aspire Kit colorazione Blu.', 'https://via.placeholder.com/500x500.png?text=Aspire+Kit', 'Blu');
INSERT INTO product (store_id, barcode, name, milliliters, category, sub_category, purchase_price, retail_price, description, image_url, color) VALUES ('PROFESSIONAL_VAPE', '8051234568186', 'Smok Mod Nero', NULL, 'HARDWARE', 'BATTERY_BOX', 20.4, 32.64, 'Dispositivo hardware Smok Mod colorazione Nero.', 'https://via.placeholder.com/500x500.png?text=Smok+Mod', 'Nero');
INSERT INTO product (store_id, barcode, name, milliliters, category, sub_category, purchase_price, retail_price, description, image_url, color) VALUES ('PUFF_STORE', '8051234568186', 'Smok Mod Nero', NULL, 'HARDWARE', 'BATTERY_BOX', 20.4, 32.64, 'Dispositivo hardware Smok Mod colorazione Nero.', 'https://via.placeholder.com/500x500.png?text=Smok+Mod', 'Nero');
INSERT INTO product (store_id, barcode, name, milliliters, category, sub_category, purchase_price, retail_price, description, image_url, color) VALUES ('PROFESSIONAL_VAPE', '8051234568187', 'Geekvape Kit Argento', NULL, 'HARDWARE', 'POD_MOD', 38.21, 61.14, 'Dispositivo hardware Geekvape Kit colorazione Argento.', 'https://via.placeholder.com/500x500.png?text=Geekvape+Kit', 'Argento');
INSERT INTO product (store_id, barcode, name, milliliters, category, sub_category, purchase_price, retail_price, description, image_url, color) VALUES ('PUFF_STORE', '8051234568187', 'Geekvape Kit Argento', NULL, 'HARDWARE', 'POD_MOD', 38.21, 61.14, 'Dispositivo hardware Geekvape Kit colorazione Argento.', 'https://via.placeholder.com/500x500.png?text=Geekvape+Kit', 'Argento');
INSERT INTO product (store_id, barcode, name, milliliters, category, sub_category, purchase_price, retail_price, description, image_url, flavor) VALUES ('PROFESSIONAL_VAPE', '8051234568188', 'Galactika Menta Liquid', 10, 'LIQUIDO', 'AROMA', 7.21, 12.98, 'Liquido per sigaretta elettronica al gusto di menta.', 'https://via.placeholder.com/500x500.png?text=Galactika+Menta', 'Menta');
INSERT INTO product (store_id, barcode, name, milliliters, category, sub_category, purchase_price, retail_price, description, image_url, flavor) VALUES ('PUFF_STORE', '8051234568188', 'Galactika Menta Liquid', 10, 'LIQUIDO', 'AROMA', 7.21, 12.98, 'Liquido per sigaretta elettronica al gusto di menta.', 'https://via.placeholder.com/500x500.png?text=Galactika+Menta', 'Menta');
INSERT INTO product (store_id, barcode, name, milliliters, category, sub_category, purchase_price, retail_price, description, image_url, flavor) VALUES ('PROFESSIONAL_VAPE', '8051234568189', 'TNT Vape Crema Liquid', 20, 'LIQUIDO', 'MINI_SHOT', 3.62, 6.52, 'Liquido per sigaretta elettronica al gusto di crema.', 'https://via.placeholder.com/500x500.png?text=TNT+Vape+Crema', 'Crema');
INSERT INTO product (store_id, barcode, name, milliliters, category, sub_category, purchase_price, retail_price, description, image_url, flavor) VALUES ('PUFF_STORE', '8051234568189', 'TNT Vape Crema Liquid', 20, 'LIQUIDO', 'MINI_SHOT', 3.62, 6.52, 'Liquido per sigaretta elettronica al gusto di crema.', 'https://via.placeholder.com/500x500.png?text=TNT+Vape+Crema', 'Crema');
INSERT INTO product (store_id, barcode, name, milliliters, category, sub_category, purchase_price, retail_price, description, image_url, color) VALUES ('PROFESSIONAL_VAPE', '8051234568190', 'Vaporesso Pod Blu', NULL, 'HARDWARE', 'POD_MOD', 17.36, 27.78, 'Dispositivo hardware Vaporesso Pod colorazione Blu.', 'https://via.placeholder.com/500x500.png?text=Vaporesso+Pod', 'Blu');
INSERT INTO product (store_id, barcode, name, milliliters, category, sub_category, purchase_price, retail_price, description, image_url, color) VALUES ('PUFF_STORE', '8051234568190', 'Vaporesso Pod Blu', NULL, 'HARDWARE', 'POD_MOD', 17.36, 27.78, 'Dispositivo hardware Vaporesso Pod colorazione Blu.', 'https://via.placeholder.com/500x500.png?text=Vaporesso+Pod', 'Blu');
INSERT INTO product (store_id, barcode, name, milliliters, category, sub_category, purchase_price, retail_price, description, image_url, color) VALUES ('PROFESSIONAL_VAPE', '8051234568191', 'VooPoo Mod Argento', NULL, 'HARDWARE', 'POD_MOD', 41.76, 66.82, 'Dispositivo hardware VooPoo Mod colorazione Argento.', 'https://via.placeholder.com/500x500.png?text=VooPoo+Mod', 'Argento');
INSERT INTO product (store_id, barcode, name, milliliters, category, sub_category, purchase_price, retail_price, description, image_url, color) VALUES ('PUFF_STORE', '8051234568191', 'VooPoo Mod Argento', NULL, 'HARDWARE', 'POD_MOD', 41.76, 66.82, 'Dispositivo hardware VooPoo Mod colorazione Argento.', 'https://via.placeholder.com/500x500.png?text=VooPoo+Mod', 'Argento');
INSERT INTO product (store_id, barcode, name, milliliters, category, sub_category, purchase_price, retail_price, description, image_url, color) VALUES ('PROFESSIONAL_VAPE', '8051234568192', 'VooPoo Pod Rainbow', NULL, 'HARDWARE', 'POD_MOD', 37.95, 60.72, 'Dispositivo hardware VooPoo Pod colorazione Rainbow.', 'https://via.placeholder.com/500x500.png?text=VooPoo+Pod', 'Rainbow');
INSERT INTO product (store_id, barcode, name, milliliters, category, sub_category, purchase_price, retail_price, description, image_url, color) VALUES ('PUFF_STORE', '8051234568192', 'VooPoo Pod Rainbow', NULL, 'HARDWARE', 'POD_MOD', 37.95, 60.72, 'Dispositivo hardware VooPoo Pod colorazione Rainbow.', 'https://via.placeholder.com/500x500.png?text=VooPoo+Pod', 'Rainbow');
INSERT INTO product (store_id, barcode, name, milliliters, category, sub_category, purchase_price, retail_price, description, image_url, flavor) VALUES ('PROFESSIONAL_VAPE', '8051234568193', 'Super Flavor Caffè Liquid', 60, 'LIQUIDO', 'MINI_SHOT', 2.79, 5.02, 'Liquido per sigaretta elettronica al gusto di caffè.', 'https://via.placeholder.com/500x500.png?text=Super+Flavor+Caffè', 'Caffè');
INSERT INTO product (store_id, barcode, name, milliliters, category, sub_category, purchase_price, retail_price, description, image_url, flavor) VALUES ('PUFF_STORE', '8051234568193', 'Super Flavor Caffè Liquid', 60, 'LIQUIDO', 'MINI_SHOT', 2.79, 5.02, 'Liquido per sigaretta elettronica al gusto di caffè.', 'https://via.placeholder.com/500x500.png?text=Super+Flavor+Caffè', 'Caffè');
INSERT INTO product (store_id, barcode, name, milliliters, category, sub_category, purchase_price, retail_price, description, image_url, color) VALUES ('PROFESSIONAL_VAPE', '8051234568194', 'Innokin Mod Gunmetal', NULL, 'HARDWARE', 'ACCESSORY', 11.78, 18.85, 'Dispositivo hardware Innokin Mod colorazione Gunmetal.', 'https://via.placeholder.com/500x500.png?text=Innokin+Mod', 'Gunmetal');
INSERT INTO product (store_id, barcode, name, milliliters, category, sub_category, purchase_price, retail_price, description, image_url, color) VALUES ('PUFF_STORE', '8051234568194', 'Innokin Mod Gunmetal', NULL, 'HARDWARE', 'ACCESSORY', 11.78, 18.85, 'Dispositivo hardware Innokin Mod colorazione Gunmetal.', 'https://via.placeholder.com/500x500.png?text=Innokin+Mod', 'Gunmetal');
INSERT INTO product (store_id, barcode, name, milliliters, category, sub_category, purchase_price, retail_price, description, image_url, color) VALUES ('PROFESSIONAL_VAPE', '8051234568195', 'Geekvape Mod Nero', NULL, 'HARDWARE', 'ATOMIZER_NON_RTA', 25.3, 40.48, 'Dispositivo hardware Geekvape Mod colorazione Nero.', 'https://via.placeholder.com/500x500.png?text=Geekvape+Mod', 'Nero');
INSERT INTO product (store_id, barcode, name, milliliters, category, sub_category, purchase_price, retail_price, description, image_url, color) VALUES ('PUFF_STORE', '8051234568195', 'Geekvape Mod Nero', NULL, 'HARDWARE', 'ATOMIZER_NON_RTA', 25.3, 40.48, 'Dispositivo hardware Geekvape Mod colorazione Nero.', 'https://via.placeholder.com/500x500.png?text=Geekvape+Mod', 'Nero');
INSERT INTO product (store_id, barcode, name, milliliters, category, sub_category, purchase_price, retail_price, description, image_url, flavor) VALUES ('PROFESSIONAL_VAPE', '8051234568196', 'Vaporart Menta Liquid', 10, 'LIQUIDO', 'SHOT', 5.29, 9.52, 'Liquido per sigaretta elettronica al gusto di menta.', 'https://via.placeholder.com/500x500.png?text=Vaporart+Menta', 'Menta');
INSERT INTO product (store_id, barcode, name, milliliters, category, sub_category, purchase_price, retail_price, description, image_url, flavor) VALUES ('PUFF_STORE', '8051234568196', 'Vaporart Menta Liquid', 10, 'LIQUIDO', 'SHOT', 5.29, 9.52, 'Liquido per sigaretta elettronica al gusto di menta.', 'https://via.placeholder.com/500x500.png?text=Vaporart+Menta', 'Menta');
INSERT INTO product (store_id, barcode, name, milliliters, category, sub_category, purchase_price, retail_price, description, image_url, flavor) VALUES ('PROFESSIONAL_VAPE', '8051234568197', 'Vaporart Fragola Liquid', 50, 'LIQUIDO', 'AROMA', 4.79, 8.62, 'Liquido per sigaretta elettronica al gusto di fragola.', 'https://via.placeholder.com/500x500.png?text=Vaporart+Fragola', 'Fragola');
INSERT INTO product (store_id, barcode, name, milliliters, category, sub_category, purchase_price, retail_price, description, image_url, flavor) VALUES ('PUFF_STORE', '8051234568197', 'Vaporart Fragola Liquid', 50, 'LIQUIDO', 'AROMA', 4.79, 8.62, 'Liquido per sigaretta elettronica al gusto di fragola.', 'https://via.placeholder.com/500x500.png?text=Vaporart+Fragola', 'Fragola');
INSERT INTO product (store_id, barcode, name, milliliters, category, sub_category, purchase_price, retail_price, description, image_url, flavor) VALUES ('PROFESSIONAL_VAPE', '8051234568198', 'TNT Vape Frutti Rossi Liquid', 10, 'LIQUIDO', 'MINI_SHOT', 3.29, 5.92, 'Liquido per sigaretta elettronica al gusto di frutti rossi.', 'https://via.placeholder.com/500x500.png?text=TNT+Vape+Frutti+Rossi', 'Frutti Rossi');
INSERT INTO product (store_id, barcode, name, milliliters, category, sub_category, purchase_price, retail_price, description, image_url, flavor) VALUES ('PUFF_STORE', '8051234568198', 'TNT Vape Frutti Rossi Liquid', 10, 'LIQUIDO', 'MINI_SHOT', 3.29, 5.92, 'Liquido per sigaretta elettronica al gusto di frutti rossi.', 'https://via.placeholder.com/500x500.png?text=TNT+Vape+Frutti+Rossi', 'Frutti Rossi');
INSERT INTO product (store_id, barcode, name, milliliters, category, sub_category, purchase_price, retail_price, description, image_url, flavor) VALUES ('PROFESSIONAL_VAPE', '8051234568199', 'Vaporart Vaniglia Liquid', 20, 'LIQUIDO', 'MINI_SHOT', 6.6, 11.88, 'Liquido per sigaretta elettronica al gusto di vaniglia.', 'https://via.placeholder.com/500x500.png?text=Vaporart+Vaniglia', 'Vaniglia');
INSERT INTO product (store_id, barcode, name, milliliters, category, sub_category, purchase_price, retail_price, description, image_url, flavor) VALUES ('PUFF_STORE', '8051234568199', 'Vaporart Vaniglia Liquid', 20, 'LIQUIDO', 'MINI_SHOT', 6.6, 11.88, 'Liquido per sigaretta elettronica al gusto di vaniglia.', 'https://via.placeholder.com/500x500.png?text=Vaporart+Vaniglia', 'Vaniglia');
INSERT INTO product (store_id, barcode, name, milliliters, category, sub_category, purchase_price, retail_price, description, image_url, flavor) VALUES ('PROFESSIONAL_VAPE', '8051234568200', 'Super Flavor Vaniglia Liquid', 10, 'LIQUIDO', 'SHOT', 2.32, 4.18, 'Liquido per sigaretta elettronica al gusto di vaniglia.', 'https://via.placeholder.com/500x500.png?text=Super+Flavor+Vaniglia', 'Vaniglia');
INSERT INTO product (store_id, barcode, name, milliliters, category, sub_category, purchase_price, retail_price, description, image_url, flavor) VALUES ('PUFF_STORE', '8051234568200', 'Super Flavor Vaniglia Liquid', 10, 'LIQUIDO', 'SHOT', 2.32, 4.18, 'Liquido per sigaretta elettronica al gusto di vaniglia.', 'https://via.placeholder.com/500x500.png?text=Super+Flavor+Vaniglia', 'Vaniglia');